respondent_id,timestamp,wave,flitz_number,true_author,predicted_author,correct,verdict_human,rating,temperature
117,2026-08-08 03:26:47,2,1,Human,Human,1,1,7.0,
118,2026-08-08 05:47:37,2,1,Human,AI,0,0,5.0,
119,2026-08-08 14:11:52,2,1,Human,AI,0,0,4.0,
120,2026-08-08 17:49:52,2,1,Human,Human,1,1,8.0,
121,2026-08-08 19:28:53,2,1,Human,Human,1,1,5.0,
122,2026-08-08 22:13:11,2,1,Human,AI,0,0,6.0,
123,2026-08-08 22:41:56,2,1,Human,AI,0,0,4.0,
124,2026-08-08 23:23:12,2,1,Human,Human,1,1,7.0,
125,2026-08-09 01:16:45,2,1,Human,Human,1,1,9.0,
126,2026-08-09 02:07:18,2,1,Human,AI,0,0,4.0,
127,2026-08-10 08:47:25,2,1,Human,AI,0,0,2.0,
128,2026-08-10 10:27:53,2,1,Human,Human,1,1,5.0,
129,2026-08-10 13:43:19,2,1,Human,AI,0,0,6.0,
130,2026-08-11 08:36:46,2,1,Human,AI,0,0,7.0,
131,2026-08-11 08:41:45,2,1,Human,Human,1,1,7.0,
132,2026-08-11 08:43:46,2,1,Human,Human,1,1,9.0,
133,2026-08-15 08:06:34,2,1,Human,AI,0,0,1.0,
134,2026-08-15 08:17:20,2,1,Human,AI,0,0,3.0,
135,2026-08-16 20:50:33,2,1,Human,Human,1,1,7.0,
136,2026-08-16 23:12:10,2,1,Human,AI,0,0,5.0,
0,2025-04-10 22:21:05,1,2,Human,AI,0,0,8.0,
1,2025-04-10 22:40:56,1,2,Human,Human,1,1,5.0,
2,2025-04-10 22:42:51,1,2,Human,AI,0,0,5.0,
3,2025-04-10 22:57:33,1,2,Human,Human,1,1,9.0,
4,2025-04-10 22:58:40,1,2,Human,AI,0,0,6.0,
5,2025-04-10 23:02:59,1,2,Human,AI,0,0,6.0,
6,2025-04-10 23:08:24,1,2,Human,Human,1,1,5.0,
7,2025-04-10 23:18:37,1,2,Human,Human,1,1,8.0,
8,2025-04-10 23:22:32,1,2,Human,Human,1,1,7.0,
9,2025-04-10 23:38:24,1,2,Human,Human,1,1,9.0,
10,2025-04-10 23:40:58,1,2,Human,Human,1,1,7.0,
11,2025-04-11 00:10:40,1,2,Human,Human,1,1,4.0,
12,2025-04-11 00:31:42,1,2,Human,AI,0,0,6.0,
13,2025-04-11 00:39:02,1,2,Human,Human,1,1,4.0,
14,2025-04-11 00:43:47,1,2,Human,AI,0,0,5.0,
15,2025-04-11 01:39:38,1,2,Human,AI,0,0,5.0,
16,2025-04-11 02:13:06,1,2,Human,Human,1,1,,
17,2025-04-11 02:17:33,1,2,Human,AI,0,0,6.0,
18,2025-04-11 02:49:12,1,2,Human,Human,1,1,8.0,
19,2025-04-11 03:19:53,1,2,Human,Human,1,1,8.0,
20,2025-04-11 03:48:17,1,2,Human,AI,0,0,4.0,
21,2025-04-11 03:52:38,1,2,Human,AI,0,0,5.0,
22,2025-04-11 04:00:58,1,2,Human,AI,0,0,7.0,
23,2025-04-11 04:05:04,1,2,Human,Human,1,1,2.0,
24,2025-04-11 04:12:49,1,2,Human,AI,0,0,5.0,
25,2025-04-11 04:32:33,1,2,Human,Human,1,1,7.0,
26,2025-04-11 06:15:07,1,2,Human,AI,0,0,4.0,
27,2025-04-11 08:51:12,1,2,Human,Human,1,1,6.0,
28,2025-04-11 09:18:20,1,2,Human,Human,1,1,5.0,
29,2025-04-11 16:23:55,1,2,Human,Human,1,1,6.0,
30,2025-04-11 16:24:27,1,2,Human,AI,0,0,3.0,
31,2025-04-11 16:46:22,1,2,Human,Human,1,1,7.0,
32,2025-04-11 18:45:14,1,2,Human,Human,1,1,2.0,
33,2025-04-11 19:10:54,1,2,Human,AI,0,0,2.0,
34,2025-04-11 19:29:13,1,2,Human,Human,1,1,8.0,
35,2025-04-11 19:29:28,1,2,Human,AI,0,0,7.0,
36,2025-04-11 19:32:10,1,2,Human,AI,0,0,2.0,
37,2025-04-11 19:48:41,1,2,Human,AI,0,0,4.0,
38,2025-04-11 19:55:29,1,2,Human,AI,0,0,5.0,
39,2025-04-11 20:34:06,1,2,Human,Human,1,1,9.0,
40,2025-04-11 21:08:49,1,2,Human,AI,0,0,2.0,
41,2025-04-11 21:20:25,1,2,Human,Human,1,1,6.0,
42,2025-04-11 21:32:34,1,2,Human,Human,1,1,6.0,
43,2025-04-12 00:26:44,1,2,Human,AI,0,0,4.0,
44,2025-04-12 02:28:46,1,2,Human,AI,0,0,4.0,
45,2025-04-12 03:41:17,1,2,Human,Human,1,1,9.0,
46,2025-04-12 09:37:40,1,2,Human,AI,0,0,,
47,2025-04-12 12:40:49,1,2,Human,Human,1,1,9.0,
48,2025-04-12 14:11:13,1,2,Human,Human,1,1,4.0,
49,2025-04-12 14:17:46,1,2,Human,AI,0,0,4.0,
50,2025-04-12 23:16:30,1,2,Human,Human,1,1,6.0,
51,2025-04-12 23:39:53,1,2,Human,AI,0,0,8.0,
52,2025-04-13 11:57:13,1,2,Human,Human,1,1,7.0,
54,2025-04-13 16:15:54,1,2,Human,AI,0,0,3.0,
55,2025-04-13 16:55:40,1,2,Human,Human,1,1,2.0,
56,2025-04-14 00:45:20,1,2,Human,Human,1,1,8.0,
57,2025-04-14 02:59:37,1,2,Human,AI,0,0,7.0,
58,2025-04-14 06:51:32,1,2,Human,Human,1,1,6.0,
59,2025-04-14 09:56:25,1,2,Human,Human,1,1,9.0,
60,2025-04-14 14:26:24,1,2,Human,Human,1,1,8.0,
61,2025-04-14 21:24:02,1,2,Human,Human,1,1,8.0,
62,2025-04-15 02:05:05,1,2,Human,Human,1,1,7.0,
63,2025-04-15 04:44:42,1,2,Human,AI,0,0,7.0,
64,2025-04-15 04:53:04,1,2,Human,Human,1,1,2.0,
65,2025-04-15 06:35:43,1,2,Human,Human,1,1,7.0,
66,2025-04-17 06:46:39,1,2,Human,Human,1,1,7.0,
67,2025-04-19 19:15:35,1,2,Human,Human,1,1,6.0,
68,2025-04-19 19:17:14,1,2,Human,Human,1,1,9.0,
69,2025-04-19 19:19:10,1,2,Human,Human,1,1,5.0,
70,2025-04-19 19:19:29,1,2,Human,Human,1,1,7.0,
71,2025-04-19 19:20:21,1,2,Human,Human,1,1,7.0,
72,2025-04-19 19:22:05,1,2,Human,Human,1,1,7.0,
73,2025-04-19 19:22:22,1,2,Human,Human,1,1,10.0,
74,2025-04-19 19:23:33,1,2,Human,Human,1,1,5.0,
75,2025-04-19 19:29:07,1,2,Human,AI,0,0,5.0,
76,2025-04-19 20:24:57,1,2,Human,Human,1,1,8.0,
77,2025-04-19 22:31:39,1,2,Human,AI,0,0,4.0,
78,2025-04-19 23:16:59,1,2,Human,AI,0,0,4.0,
79,2025-04-19 23:46:10,1,2,Human,Human,1,1,3.0,
80,2025-04-21 01:33:29,1,2,Human,AI,0,0,3.0,
81,2025-04-21 19:37:54,1,2,Human,Human,1,1,6.0,
83,2025-04-21 20:48:14,1,2,Human,Human,1,1,6.0,
84,2025-04-21 21:25:19,1,2,Human,Human,1,1,6.0,
85,2025-04-21 21:48:18,1,2,Human,Human,1,1,7.0,
87,2025-04-22 00:25:15,1,2,Human,Human,1,1,5.0,
88,2025-04-22 01:54:50,1,2,Human,Human,1,1,7.0,
89,2025-04-22 02:01:51,1,2,Human,Human,1,1,9.0,
90,2025-04-22 02:04:21,1,2,Human,AI,0,0,7.0,
91,2025-04-22 02:06:36,1,2,Human,AI,0,0,6.0,
92,2025-04-22 04:36:10,1,2,Human,Human,1,1,8.0,
93,2025-04-22 08:05:28,1,2,Human,Human,1,1,7.0,
94,2025-04-22 18:31:50,1,2,Human,AI,0,0,1.0,
95,2025-04-22 18:38:56,1,2,Human,Human,1,1,9.0,
96,2025-04-22 18:41:59,1,2,Human,Human,1,1,7.0,
97,2025-04-22 18:48:06,1,2,Human,Human,1,1,6.0,
98,2025-04-22 19:47:13,1,2,Human,AI,0,0,8.0,
99,2025-04-22 20:23:49,1,2,Human,AI,0,0,5.0,
100,2025-04-22 20:46:53,1,2,Human,Human,1,1,5.0,
101,2025-04-22 20:48:08,1,2,Human,AI,0,0,4.0,
102,2025-04-23 02:35:11,1,2,Human,Human,1,1,7.0,
103,2025-04-23 03:04:41,1,2,Human,AI,0,0,5.0,
104,2025-04-23 04:00:07,1,2,Human,AI,0,0,7.0,
105,2025-04-23 04:12:23,1,2,Human,Human,1,1,10.0,
106,2025-04-23 04:13:22,1,2,Human,Human,1,1,5.0,
107,2025-04-23 04:30:51,1,2,Human,Human,1,1,7.0,
108,2025-04-23 08:37:02,1,2,Human,AI,0,0,2.0,
109,2025-04-23 23:23:28,1,2,Human,AI,0,0,5.0,
110,2025-04-24 03:11:22,1,2,Human,Human,1,1,6.0,
111,2025-04-24 20:35:41,1,2,Human,Human,1,1,6.0,
112,2025-04-24 20:41:21,1,2,Human,Human,1,1,6.0,
113,2025-04-24 21:01:05,1,2,Human,Human,1,1,7.0,
114,2025-04-24 21:18:24,1,2,Human,Human,1,1,9.0,
115,2025-04-24 23:45:21,1,2,Human,Human,1,1,4.0,
116,2025-04-25 00:19:02,1,2,Human,Human,1,1,5.0,
117,2026-08-08 03:26:47,2,2,Human,AI,0,0,4.0,
118,2026-08-08 05:47:37,2,2,Human,AI,0,0,8.0,
119,2026-08-08 14:11:52,2,2,Human,Human,1,1,5.0,
120,2026-08-08 17:49:52,2,2,Human,AI,0,0,3.0,
121,2026-08-08 19:28:53,2,2,Human,AI,0,0,4.0,
122,2026-08-08 22:13:11,2,2,Human,AI,0,0,4.0,
123,2026-08-08 22:41:56,2,2,Human,Human,1,1,8.0,
124,2026-08-08 23:23:12,2,2,Human,AI,0,0,5.0,
125,2026-08-09 01:16:45,2,2,Human,AI,0,0,3.0,
126,2026-08-09 02:07:18,2,2,Human,Human,1,1,5.0,
127,2026-08-10 08:47:25,2,2,Human,Human,1,1,6.0,
128,2026-08-10 10:27:53,2,2,Human,AI,0,0,4.0,
129,2026-08-10 13:43:19,2,2,Human,Human,1,1,6.0,
130,2026-08-11 08:36:46,2,2,Human,Human,1,1,5.0,
131,2026-08-11 08:41:45,2,2,Human,Human,1,1,8.0,
132,2026-08-11 08:43:46,2,2,Human,Human,1,1,8.0,
133,2026-08-15 08:06:34,2,2,Human,Human,1,1,3.0,
134,2026-08-15 08:17:20,2,2,Human,Human,1,1,6.0,
135,2026-08-16 20:50:33,2,2,Human,AI,0,0,8.0,
136,2026-08-16 23:12:10,2,2,Human,AI,0,0,2.0,
0,2025-04-10 22:21:05,1,3,AI,AI,1,0,1.0,1.5
1,2025-04-10 22:40:56,1,3,AI,AI,1,0,1.0,1.5
2,2025-04-10 22:42:51,1,3,AI,AI,1,0,1.0,1.5
3,2025-04-10 22:57:33,1,3,AI,AI,1,0,5.0,1.5
4,2025-04-10 22:58:40,1,3,AI,Human,0,1,6.0,1.5
5,2025-04-10 23:02:59,1,3,AI,AI,1,0,2.0,1.5
6,2025-04-10 23:08:24,1,3,AI,Human,0,1,1.0,1.5
7,2025-04-10 23:18:37,1,3,AI,AI,1,0,1.0,1.5
8,2025-04-10 23:22:32,1,3,AI,AI,1,0,1.0,1.5
9,2025-04-10 23:38:24,1,3,AI,AI,1,0,1.0,1.5
10,2025-04-10 23:40:58,1,3,AI,Human,0,1,7.0,1.5
11,2025-04-11 00:10:40,1,3,AI,AI,1,0,1.0,1.5
12,2025-04-11 00:31:42,1,3,AI,AI,1,0,5.0,1.5
13,2025-04-11 00:39:02,1,3,AI,AI,1,0,1.0,1.5
14,2025-04-11 00:43:47,1,3,AI,AI,1,0,1.0,1.5
15,2025-04-11 01:39:38,1,3,AI,AI,1,0,5.0,1.5
16,2025-04-11 02:13:06,1,3,AI,AI,1,0,,1.5
17,2025-04-11 02:17:33,1,3,AI,Human,0,1,2.0,1.5
18,2025-04-11 02:49:12,1,3,AI,AI,1,0,2.0,1.5
19,2025-04-11 03:19:53,1,3,AI,AI,1,0,1.0,1.5
20,2025-04-11 03:48:17,1,3,AI,AI,1,0,4.0,1.5
21,2025-04-11 03:52:38,1,3,AI,Human,0,1,2.0,1.5
22,2025-04-11 04:00:58,1,3,AI,Human,0,1,2.0,1.5
23,2025-04-11 04:05:04,1,3,AI,AI,1,0,1.0,1.5
24,2025-04-11 04:12:49,1,3,AI,AI,1,0,1.0,1.5
25,2025-04-11 04:32:33,1,3,AI,AI,1,0,1.0,1.5
26,2025-04-11 06:15:07,1,3,AI,AI,1,0,4.0,1.5
27,2025-04-11 08:51:12,1,3,AI,AI,1,0,3.0,1.5
28,2025-04-11 09:18:20,1,3,AI,AI,1,0,1.0,1.5
29,2025-04-11 16:23:55,1,3,AI,AI,1,0,1.0,1.5
30,2025-04-11 16:24:27,1,3,AI,AI,1,0,8.0,1.5
31,2025-04-11 16:46:22,1,3,AI,AI,1,0,1.0,1.5
32,2025-04-11 18:45:14,1,3,AI,AI,1,0,3.0,1.5
33,2025-04-11 19:10:54,1,3,AI,AI,1,0,1.0,1.5
34,2025-04-11 19:29:13,1,3,AI,AI,1,0,8.0,1.5
35,2025-04-11 19:29:28,1,3,AI,Human,0,1,4.0,1.5
36,2025-04-11 19:32:10,1,3,AI,AI,1,0,1.0,1.5
37,2025-04-11 19:48:41,1,3,AI,AI,1,0,1.0,1.5
38,2025-04-11 19:55:29,1,3,AI,Human,0,1,4.0,1.5
39,2025-04-11 20:34:06,1,3,AI,AI,1,0,1.0,1.5
40,2025-04-11 21:08:49,1,3,AI,Human,0,1,8.0,1.5
41,2025-04-11 21:20:25,1,3,AI,AI,1,0,1.0,1.5
42,2025-04-11 21:32:34,1,3,AI,AI,1,0,1.0,1.5
43,2025-04-12 00:26:44,1,3,AI,AI,1,0,1.0,1.5
44,2025-04-12 02:28:46,1,3,AI,Human,0,1,5.0,1.5
45,2025-04-12 03:41:17,1,3,AI,AI,1,0,1.0,1.5
46,2025-04-12 09:37:40,1,3,AI,Human,0,1,,1.5
47,2025-04-12 12:40:49,1,3,AI,AI,1,0,1.0,1.5
48,2025-04-12 14:11:13,1,3,AI,AI,1,0,1.0,1.5
49,2025-04-12 14:17:46,1,3,AI,AI,1,0,1.0,1.5
50,2025-04-12 23:16:30,1,3,AI,AI,1,0,2.0,1.5
51,2025-04-12 23:39:53,1,3,AI,AI,1,0,5.0,1.5
52,2025-04-13 11:57:13,1,3,AI,AI,1,0,5.0,1.5
53,2025-04-13 12:46:13,1,3,AI,AI,1,0,1.0,1.5
54,2025-04-13 16:15:54,1,3,AI,AI,1,0,1.0,1.5
55,2025-04-13 16:55:40,1,3,AI,AI,1,0,1.0,1.5
56,2025-04-14 00:45:20,1,3,AI,AI,1,0,2.0,1.5
57,2025-04-14 02:59:37,1,3,AI,AI,1,0,4.0,1.5
58,2025-04-14 06:51:32,1,3,AI,Human,0,1,7.0,1.5
59,2025-04-14 09:56:25,1,3,AI,Human,0,1,1.0,1.5
60,2025-04-14 14:26:24,1,3,AI,AI,1,0,2.0,1.5
61,2025-04-14 21:24:02,1,3,AI,AI,1,0,1.0,1.5
62,2025-04-15 02:05:05,1,3,AI,AI,1,0,1.0,1.5
63,2025-04-15 04:44:42,1,3,AI,AI,1,0,1.0,1.5
64,2025-04-15 04:53:04,1,3,AI,AI,1,0,1.0,1.5
65,2025-04-15 06:35:43,1,3,AI,Human,0,1,2.0,1.5
66,2025-04-17 06:46:39,1,3,AI,AI,1,0,1.0,1.5
68,2025-04-19 19:17:14,1,3,AI,Human,0,1,1.0,1.5
69,2025-04-19 19:19:10,1,3,AI,AI,1,0,1.0,1.5
70,2025-04-19 19:19:29,1,3,AI,AI,1,0,1.0,1.5
71,2025-04-19 19:20:21,1,3,AI,AI,1,0,3.0,1.5
72,2025-04-19 19:22:05,1,3,AI,AI,1,0,3.0,1.5
73,2025-04-19 19:22:22,1,3,AI,AI,1,0,1.0,1.5
74,2025-04-19 19:23:33,1,3,AI,Human,0,1,8.0,1.5
75,2025-04-19 19:29:07,1,3,AI,AI,1,0,1.0,1.5
76,2025-04-19 20:24:57,1,3,AI,AI,1,0,1.0,1.5
77,2025-04-19 22:31:39,1,3,AI,AI,1,0,1.0,1.5
78,2025-04-19 23:16:59,1,3,AI,AI,1,0,2.0,1.5
79,2025-04-19 23:46:10,1,3,AI,AI,1,0,1.0,1.5
80,2025-04-21 01:33:29,1,3,AI,AI,1,0,1.0,1.5
81,2025-04-21 19:37:54,1,3,AI,AI,1,0,1.0,1.5
83,2025-04-21 20:48:14,1,3,AI,AI,1,0,1.0,1.5
84,2025-04-21 21:25:19,1,3,AI,AI,1,0,1.0,1.5
85,2025-04-21 21:48:18,1,3,AI,AI,1,0,1.0,1.5
87,2025-04-22 00:25:15,1,3,AI,AI,1,0,3.0,1.5
88,2025-04-22 01:54:50,1,3,AI,AI,1,0,1.0,1.5
89,2025-04-22 02:01:51,1,3,AI,AI,1,0,1.0,1.5
90,2025-04-22 02:04:21,1,3,AI,AI,1,0,2.0,1.5
91,2025-04-22 02:06:36,1,3,AI,AI,1,0,1.0,1.5
92,2025-04-22 04:36:10,1,3,AI,AI,1,0,1.0,1.5
93,2025-04-22 08:05:28,1,3,AI,AI,1,0,1.0,1.5
94,2025-04-22 18:31:50,1,3,AI,AI,1,0,1.0,1.5
95,2025-04-22 18:38:56,1,3,AI,AI,1,0,1.0,1.5
96,2025-04-22 18:41:59,1,3,AI,AI,1,0,4.0,1.5
97,2025-04-22 18:48:06,1,3,AI,AI,1,0,1.0,1.5
98,2025-04-22 19:47:13,1,3,AI,AI,1,0,10.0,1.5
99,2025-04-22 20:23:49,1,3,AI,AI,1,0,1.0,1.5
100,2025-04-22 20:46:53,1,3,AI,AI,1,0,1.0,1.5
101,2025-04-22 20:48:08,1,3,AI,AI,1,0,1.0,1.5
102,2025-04-23 02:35:11,1,3,AI,Human,0,1,10.0,1.5
103,2025-04-23 03:04:41,1,3,AI,Human,0,1,3.0,1.5
104,2025-04-23 04:00:07,1,3,AI,AI,1,0,9.0,1.5
105,2025-04-23 04:12:23,1,3,AI,AI,1,0,4.0,1.5
106,2025-04-23 04:13:22,1,3,AI,AI,1,0,1.0,1.5
107,2025-04-23 04:30:51,1,3,AI,AI,1,0,1.0,1.5
108,2025-04-23 08:37:02,1,3,AI,AI,1,0,2.0,1.5
109,2025-04-23 23:23:28,1,3,AI,AI,1,0,1.0,1.5
110,2025-04-24 03:11:22,1,3,AI,Human,0,1,10.0,1.5
111,2025-04-24 20:35:41,1,3,AI,AI,1,0,2.0,1.5
112,2025-04-24 20:41:21,1,3,AI,AI,1,0,1.0,1.5
113,2025-04-24 21:01:05,1,3,AI,AI,1,0,1.0,1.5
114,2025-04-24 21:18:24,1,3,AI,Human,0,1,2.0,1.5
115,2025-04-24 23:45:21,1,3,AI,AI,1,0,1.0,1.5
116,2025-04-25 00:19:02,1,3,AI,AI,1,0,1.0,1.5
117,2026-08-08 03:26:47,2,3,AI,AI,1,0,1.0,1.5
118,2026-08-08 05:47:37,2,3,AI,AI,1,0,1.0,1.5
119,2026-08-08 14:11:52,2,3,AI,AI,1,0,1.0,1.5
120,2026-08-08 17:49:52,2,3,AI,Human,0,1,1.0,1.5
121,2026-08-08 19:28:53,2,3,AI,Human,0,1,2.0,1.5
122,2026-08-08 22:13:11,2,3,AI,AI,1,0,1.0,1.5
123,2026-08-08 22:41:56,2,3,AI,AI,1,0,1.0,1.5
124,2026-08-08 23:23:12,2,3,AI,AI,1,0,1.0,1.5
125,2026-08-09 01:16:45,2,3,AI,AI,1,0,1.0,1.5
126,2026-08-09 02:07:18,2,3,AI,AI,1,0,1.0,1.5
127,2026-08-10 08:47:25,2,3,AI,Human,0,1,1.0,1.5
128,2026-08-10 10:27:53,2,3,AI,AI,1,0,2.0,1.5
129,2026-08-10 13:43:19,2,3,AI,AI,1,0,3.0,1.5
130,2026-08-11 08:36:46,2,3,AI,AI,1,0,1.0,1.5
131,2026-08-11 08:41:45,2,3,AI,AI,1,0,1.0,1.5
132,2026-08-11 08:43:46,2,3,AI,Human,0,1,2.0,1.5
133,2026-08-15 08:06:34,2,3,AI,Human,0,1,1.0,1.5
134,2026-08-15 08:17:20,2,3,AI,AI,1,0,2.0,1.5
135,2026-08-16 20:50:33,2,3,AI,AI,1,0,1.0,1.5
136,2026-08-16 23:12:10,2,3,AI,AI,1,0,1.0,1.5
0,2025-04-10 22:21:05,1,4,AI,AI,1,0,5.0,0.25
1,2025-04-10 22:40:56,1,4,AI,Human,0,1,5.0,0.25
2,2025-04-10 22:42:51,1,4,AI,Human,0,1,4.0,0.25
3,2025-04-10 22:57:33,1,4,AI,AI,1,0,6.0,0.25
4,2025-04-10 22:58:40,1,4,AI,Human,0,1,7.0,0.25
5,2025-04-10 23:02:59,1,4,AI,Human,0,1,7.0,0.25
6,2025-04-10 23:08:24,1,4,AI,AI,1,0,5.0,0.25
7,2025-04-10 23:18:37,1,4,AI,AI,1,0,6.0,0.25
8,2025-04-10 23:22:32,1,4,AI,Human,0,1,9.0,0.25
9,2025-04-10 23:38:24,1,4,AI,AI,1,0,5.0,0.25
10,2025-04-10 23:40:58,1,4,AI,AI,1,0,7.0,0.25
11,2025-04-11 00:10:40,1,4,AI,Human,0,1,4.0,0.25
12,2025-04-11 00:31:42,1,4,AI,Human,0,1,10.0,0.25
13,2025-04-11 00:39:02,1,4,AI,Human,0,1,6.0,0.25
14,2025-04-11 00:43:47,1,4,AI,AI,1,0,8.0,0.25
15,2025-04-11 01:39:38,1,4,AI,Human,0,1,5.0,0.25
16,2025-04-11 02:13:06,1,4,AI,AI,1,0,,0.25
17,2025-04-11 02:17:33,1,4,AI,AI,1,0,5.0,0.25
18,2025-04-11 02:49:12,1,4,AI,Human,0,1,8.0,0.25
19,2025-04-11 03:19:53,1,4,AI,AI,1,0,8.0,0.25
20,2025-04-11 03:48:17,1,4,AI,AI,1,0,5.0,0.25
21,2025-04-11 03:52:38,1,4,AI,Human,0,1,7.0,0.25
22,2025-04-11 04:00:58,1,4,AI,AI,1,0,5.0,0.25
23,2025-04-11 04:05:04,1,4,AI,AI,1,0,3.0,0.25
24,2025-04-11 04:12:49,1,4,AI,Human,0,1,6.0,0.25
25,2025-04-11 04:32:33,1,4,AI,Human,0,1,8.0,0.25
26,2025-04-11 06:15:07,1,4,AI,Human,0,1,10.0,0.25
27,2025-04-11 08:51:12,1,4,AI,Human,0,1,8.0,0.25
28,2025-04-11 09:18:20,1,4,AI,Human,0,1,6.0,0.25
29,2025-04-11 16:23:55,1,4,AI,AI,1,0,5.0,0.25
30,2025-04-11 16:24:27,1,4,AI,AI,1,0,6.0,0.25
31,2025-04-11 16:46:22,1,4,AI,AI,1,0,5.0,0.25
32,2025-04-11 18:45:14,1,4,AI,AI,1,0,3.0,0.25
33,2025-04-11 19:10:54,1,4,AI,Human,0,1,4.0,0.25
34,2025-04-11 19:29:13,1,4,AI,Human,0,1,8.0,0.25
35,2025-04-11 19:29:28,1,4,AI,Human,0,1,1.0,0.25
36,2025-04-11 19:32:10,1,4,AI,Human,0,1,5.0,0.25
37,2025-04-11 19:48:41,1,4,AI,AI,1,0,4.0,0.25
38,2025-04-11 19:55:29,1,4,AI,Human,0,1,4.0,0.25
39,2025-04-11 20:34:06,1,4,AI,AI,1,0,5.0,0.25
40,2025-04-11 21:08:49,1,4,AI,AI,1,0,8.0,0.25
41,2025-04-11 21:20:25,1,4,AI,Human,0,1,4.0,0.25
42,2025-04-11 21:32:34,1,4,AI,Human,0,1,6.0,0.25
43,2025-04-12 00:26:44,1,4,AI,Human,0,1,7.0,0.25
44,2025-04-12 02:28:46,1,4,AI,Human,0,1,5.0,0.25
45,2025-04-12 03:41:17,1,4,AI,AI,1,0,5.0,0.25
46,2025-04-12 09:37:40,1,4,AI,AI,1,0,,0.25
47,2025-04-12 12:40:49,1,4,AI,Human,0,1,8.0,0.25
48,2025-04-12 14:11:13,1,4,AI,AI,1,0,6.0,0.25
49,2025-04-12 14:17:46,1,4,AI,Human,0,1,6.0,0.25
50,2025-04-12 23:16:30,1,4,AI,AI,1,0,6.0,0.25
51,2025-04-12 23:39:53,1,4,AI,Human,0,1,5.0,0.25
52,2025-04-13 11:57:13,1,4,AI,AI,1,0,7.0,0.25
53,2025-04-13 12:46:13,1,4,AI,AI,1,0,6.0,0.25
54,2025-04-13 16:15:54,1,4,AI,AI,1,0,4.0,0.25
55,2025-04-13 16:55:40,1,4,AI,Human,0,1,4.0,0.25
56,2025-04-14 00:45:20,1,4,AI,Human,0,1,9.0,0.25
57,2025-04-14 02:59:37,1,4,AI,AI,1,0,7.0,0.25
58,2025-04-14 06:51:32,1,4,AI,AI,1,0,6.0,0.25
59,2025-04-14 09:56:25,1,4,AI,AI,1,0,8.0,0.25
60,2025-04-14 14:26:24,1,4,AI,Human,0,1,6.0,0.25
61,2025-04-14 21:24:02,1,4,AI,Human,0,1,9.0,0.25
62,2025-04-15 02:05:05,1,4,AI,Human,0,1,8.0,0.25
63,2025-04-15 04:44:42,1,4,AI,Human,0,1,6.0,0.25
64,2025-04-15 04:53:04,1,4,AI,AI,1,0,1.0,0.25
65,2025-04-15 06:35:43,1,4,AI,AI,1,0,8.0,0.25
66,2025-04-17 06:46:39,1,4,AI,AI,1,0,4.0,0.25
68,2025-04-19 19:17:14,1,4,AI,Human,0,1,9.0,0.25
69,2025-04-19 19:19:10,1,4,AI,Human,0,1,3.0,0.25
70,2025-04-19 19:19:29,1,4,AI,Human,0,1,5.0,0.25
71,2025-04-19 19:20:21,1,4,AI,AI,1,0,6.0,0.25
72,2025-04-19 19:22:05,1,4,AI,Human,0,1,7.0,0.25
73,2025-04-19 19:22:22,1,4,AI,AI,1,0,7.0,0.25
74,2025-04-19 19:23:33,1,4,AI,Human,0,1,6.0,0.25
75,2025-04-19 19:29:07,1,4,AI,Human,0,1,6.0,0.25
76,2025-04-19 20:24:57,1,4,AI,Human,0,1,7.0,0.25
77,2025-04-19 22:31:39,1,4,AI,Human,0,1,7.0,0.25
78,2025-04-19 23:16:59,1,4,AI,Human,0,1,5.0,0.25
79,2025-04-19 23:46:10,1,4,AI,Human,0,1,7.0,0.25
80,2025-04-21 01:33:29,1,4,AI,AI,1,0,2.0,0.25
81,2025-04-21 19:37:54,1,4,AI,Human,0,1,5.0,0.25
82,2025-04-21 20:05:25,1,4,AI,AI,1,0,5.0,0.25
83,2025-04-21 20:48:14,1,4,AI,Human,0,1,9.0,0.25
84,2025-04-21 21:25:19,1,4,AI,AI,1,0,8.0,0.25
85,2025-04-21 21:48:18,1,4,AI,AI,1,0,2.0,0.25
87,2025-04-22 00:25:15,1,4,AI,AI,1,0,4.0,0.25
89,2025-04-22 02:01:51,1,4,AI,Human,0,1,9.0,0.25
90,2025-04-22 02:04:21,1,4,AI,Human,0,1,7.0,0.25
91,2025-04-22 02:06:36,1,4,AI,Human,0,1,5.0,0.25
92,2025-04-22 04:36:10,1,4,AI,Human,0,1,6.0,0.25
93,2025-04-22 08:05:28,1,4,AI,AI,1,0,5.0,0.25
94,2025-04-22 18:31:50,1,4,AI,AI,1,0,7.0,0.25
95,2025-04-22 18:38:56,1,4,AI,AI,1,0,9.0,0.25
96,2025-04-22 18:41:59,1,4,AI,Human,0,1,8.0,0.25
97,2025-04-22 18:48:06,1,4,AI,AI,1,0,5.0,0.25
98,2025-04-22 19:47:13,1,4,AI,AI,1,0,8.0,0.25
99,2025-04-22 20:23:49,1,4,AI,AI,1,0,6.0,0.25
100,2025-04-22 20:46:53,1,4,AI,AI,1,0,5.0,0.25
101,2025-04-22 20:48:08,1,4,AI,Human,0,1,7.0,0.25
102,2025-04-23 02:35:11,1,4,AI,AI,1,0,3.0,0.25
103,2025-04-23 03:04:41,1,4,AI,AI,1,0,4.0,0.25
104,2025-04-23 04:00:07,1,4,AI,Human,0,1,5.0,0.25
105,2025-04-23 04:12:23,1,4,AI,Human,0,1,7.0,0.25
106,2025-04-23 04:13:22,1,4,AI,AI,1,0,8.0,0.25
107,2025-04-23 04:30:51,1,4,AI,AI,1,0,2.0,0.25
108,2025-04-23 08:37:02,1,4,AI,Human,0,1,1.0,0.25
109,2025-04-23 23:23:28,1,4,AI,AI,1,0,4.0,0.25
110,2025-04-24 03:11:22,1,4,AI,AI,1,0,8.0,0.25
111,2025-04-24 20:35:41,1,4,AI,Human,0,1,6.0,0.25
112,2025-04-24 20:41:21,1,4,AI,AI,1,0,3.0,0.25
113,2025-04-24 21:01:05,1,4,AI,Human,0,1,7.0,0.25
114,2025-04-24 21:18:24,1,4,AI,AI,1,0,7.0,0.25
115,2025-04-24 23:45:21,1,4,AI,Human,0,1,8.0,0.25
116,2025-04-25 00:19:02,1,4,AI,AI,1,0,4.0,0.25
117,2026-08-08 03:26:47,2,4,AI,AI,1,0,5.0,0.25
118,2026-08-08 05:47:37,2,4,AI,Human,0,1,8.0,0.25
119,2026-08-08 14:11:52,2,4,AI,AI,1,0,6.0,0.25
120,2026-08-08 17:49:52,2,4,AI,AI,1,0,7.0,0.25
121,2026-08-08 19:28:53,2,4,AI,AI,1,0,6.0,0.25
122,2026-08-08 22:13:11,2,4,AI,AI,1,0,7.0,0.25
123,2026-08-08 22:41:56,2,4,AI,Human,0,1,9.0,0.25
124,2026-08-08 23:23:12,2,4,AI,AI,1,0,6.0,0.25
125,2026-08-09 01:16:45,2,4,AI,Human,0,1,5.0,0.25
126,2026-08-09 02:07:18,2,4,AI,AI,1,0,6.0,0.25
127,2026-08-10 08:47:25,2,4,AI,AI,1,0,5.0,0.25
128,2026-08-10 10:27:53,2,4,AI,AI,1,0,4.0,0.25
129,2026-08-10 13:43:19,2,4,AI,AI,1,0,6.0,0.25
130,2026-08-11 08:36:46,2,4,AI,AI,1,0,8.0,0.25
131,2026-08-11 08:41:45,2,4,AI,AI,1,0,4.0,0.25
132,2026-08-11 08:43:46,2,4,AI,AI,1,0,5.0,0.25
133,2026-08-15 08:06:34,2,4,AI,Human,0,1,4.0,0.25
134,2026-08-15 08:17:20,2,4,AI,Human,0,1,3.0,0.25
135,2026-08-16 20:50:33,2,4,AI,Human,0,1,8.0,0.25
136,2026-08-16 23:12:10,2,4,AI,Human,0,1,8.0,0.25
0,2025-04-10 22:21:05,1,5,AI,AI,1,0,7.0,0.5
1,2025-04-10 22:40:56,1,5,AI,Human,0,1,5.0,0.5
2,2025-04-10 22:42:51,1,5,AI,AI,1,0,6.0,0.5
3,2025-04-10 22:57:33,1,5,AI,Human,0,1,8.0,0.5
4,2025-04-10 22:58:40,1,5,AI,AI,1,0,6.0,0.5
5,2025-04-10 23:02:59,1,5,AI,Human,0,1,6.0,0.5
6,2025-04-10 23:08:24,1,5,AI,Human,0,1,7.0,0.5
7,2025-04-10 23:18:37,1,5,AI,AI,1,0,5.0,0.5
8,2025-04-10 23:22:32,1,5,AI,AI,1,0,5.0,0.5
9,2025-04-10 23:38:24,1,5,AI,Human,0,1,8.0,0.5
10,2025-04-10 23:40:58,1,5,AI,AI,1,0,5.0,0.5
11,2025-04-11 00:10:40,1,5,AI,AI,1,0,3.0,0.5
12,2025-04-11 00:31:42,1,5,AI,Human,0,1,10.0,0.5
13,2025-04-11 00:39:02,1,5,AI,Human,0,1,8.0,0.5
14,2025-04-11 00:43:47,1,5,AI,Human,0,1,7.0,0.5
15,2025-04-11 01:39:38,1,5,AI,AI,1,0,6.0,0.5
16,2025-04-11 02:13:06,1,5,AI,Human,0,1,,0.5
17,2025-04-11 02:17:33,1,5,AI,Human,0,1,7.0,0.5
18,2025-04-11 02:49:12,1,5,AI,Human,0,1,8.0,0.5
19,2025-04-11 03:19:53,1,5,AI,AI,1,0,7.0,0.5
20,2025-04-11 03:48:17,1,5,AI,Human,0,1,7.0,0.5
21,2025-04-11 03:52:38,1,5,AI,AI,1,0,8.0,0.5
22,2025-04-11 04:00:58,1,5,AI,Human,0,1,5.0,0.5
23,2025-04-11 04:05:04,1,5,AI,Human,0,1,4.0,0.5
24,2025-04-11 04:12:49,1,5,AI,Human,0,1,8.0,0.5
25,2025-04-11 04:32:33,1,5,AI,AI,1,0,6.0,0.5
26,2025-04-11 06:15:07,1,5,AI,AI,1,0,7.0,0.5
27,2025-04-11 08:51:12,1,5,AI,AI,1,0,6.0,0.5
28,2025-04-11 09:18:20,1,5,AI,AI,1,0,7.0,0.5
29,2025-04-11 16:23:55,1,5,AI,Human,0,1,5.0,0.5
30,2025-04-11 16:24:27,1,5,AI,Human,0,1,8.0,0.5
31,2025-04-11 16:46:22,1,5,AI,AI,1,0,1.0,0.5
32,2025-04-11 18:45:14,1,5,AI,Human,0,1,5.0,0.5
33,2025-04-11 19:10:54,1,5,AI,Human,0,1,4.0,0.5
34,2025-04-11 19:29:13,1,5,AI,AI,1,0,9.0,0.5
35,2025-04-11 19:29:28,1,5,AI,AI,1,0,5.0,0.5
36,2025-04-11 19:32:10,1,5,AI,Human,0,1,7.0,0.5
37,2025-04-11 19:48:41,1,5,AI,AI,1,0,7.0,0.5
38,2025-04-11 19:55:29,1,5,AI,Human,0,1,4.0,0.5
39,2025-04-11 20:34:06,1,5,AI,AI,1,0,5.0,0.5
40,2025-04-11 21:08:49,1,5,AI,Human,0,1,10.0,0.5
41,2025-04-11 21:20:25,1,5,AI,Human,0,1,7.0,0.5
42,2025-04-11 21:32:34,1,5,AI,Human,0,1,7.0,0.5
43,2025-04-12 00:26:44,1,5,AI,Human,0,1,9.0,0.5
44,2025-04-12 02:28:46,1,5,AI,AI,1,0,8.0,0.5
45,2025-04-12 03:41:17,1,5,AI,Human,0,1,4.0,0.5
46,2025-04-12 09:37:40,1,5,AI,AI,1,0,,0.5
47,2025-04-12 12:40:49,1,5,AI,AI,1,0,7.0,0.5
48,2025-04-12 14:11:13,1,5,AI,Human,0,1,5.0,0.5
49,2025-04-12 14:17:46,1,5,AI,AI,1,0,5.0,0.5
50,2025-04-12 23:16:30,1,5,AI,AI,1,0,8.0,0.5
51,2025-04-12 23:39:53,1,5,AI,Human,0,1,5.0,0.5
52,2025-04-13 11:57:13,1,5,AI,AI,1,0,6.0,0.5
53,2025-04-13 12:46:13,1,5,AI,Human,0,1,9.0,0.5
54,2025-04-13 16:15:54,1,5,AI,AI,1,0,3.0,0.5
55,2025-04-13 16:55:40,1,5,AI,Human,0,1,7.0,0.5
56,2025-04-14 00:45:20,1,5,AI,Human,0,1,9.0,0.5
57,2025-04-14 02:59:37,1,5,AI,AI,1,0,8.0,0.5
58,2025-04-14 06:51:32,1,5,AI,Human,0,1,4.0,0.5
59,2025-04-14 09:56:25,1,5,AI,AI,1,0,8.0,0.5
60,2025-04-14 14:26:24,1,5,AI,Human,0,1,6.0,0.5
61,2025-04-14 21:24:02,1,5,AI,AI,1,0,7.0,0.5
62,2025-04-15 02:05:05,1,5,AI,Human,0,1,5.0,0.5
63,2025-04-15 04:44:42,1,5,AI,AI,1,0,6.0,0.5
64,2025-04-15 04:53:04,1,5,AI,Human,0,1,3.0,0.5
65,2025-04-15 06:35:43,1,5,AI,Human,0,1,7.0,0.5
66,2025-04-17 06:46:39,1,5,AI,Human,0,1,5.0,0.5
67,2025-04-19 19:15:35,1,5,AI,Human,0,1,4.0,0.5
68,2025-04-19 19:17:14,1,5,AI,AI,1,0,1.0,0.5
69,2025-04-19 19:19:10,1,5,AI,AI,1,0,3.0,0.5
70,2025-04-19 19:19:29,1,5,AI,Human,0,1,6.0,0.5
71,2025-04-19 19:20:21,1,5,AI,AI,1,0,5.0,0.5
72,2025-04-19 19:22:05,1,5,AI,AI,1,0,5.0,0.5
73,2025-04-19 19:22:22,1,5,AI,AI,1,0,7.0,0.5
74,2025-04-19 19:23:33,1,5,AI,AI,1,0,6.0,0.5
75,2025-04-19 19:29:07,1,5,AI,Human,0,1,6.0,0.5
76,2025-04-19 20:24:57,1,5,AI,Human,0,1,8.0,0.5
77,2025-04-19 22:31:39,1,5,AI,AI,1,0,3.0,0.5
78,2025-04-19 23:16:59,1,5,AI,Human,0,1,5.0,0.5
79,2025-04-19 23:46:10,1,5,AI,AI,1,0,3.0,0.5
80,2025-04-21 01:33:29,1,5,AI,AI,1,0,2.0,0.5
81,2025-04-21 19:37:54,1,5,AI,Human,0,1,7.0,0.5
82,2025-04-21 20:05:25,1,5,AI,AI,1,0,4.0,0.5
83,2025-04-21 20:48:14,1,5,AI,Human,0,1,5.0,0.5
84,2025-04-21 21:25:19,1,5,AI,AI,1,0,7.0,0.5
85,2025-04-21 21:48:18,1,5,AI,AI,1,0,3.0,0.5
87,2025-04-22 00:25:15,1,5,AI,AI,1,0,5.0,0.5
88,2025-04-22 01:54:50,1,5,AI,AI,1,0,9.0,0.5
89,2025-04-22 02:01:51,1,5,AI,Human,0,1,6.0,0.5
90,2025-04-22 02:04:21,1,5,AI,AI,1,0,6.0,0.5
91,2025-04-22 02:06:36,1,5,AI,AI,1,0,5.0,0.5
92,2025-04-22 04:36:10,1,5,AI,Human,0,1,6.0,0.5
93,2025-04-22 08:05:28,1,5,AI,AI,1,0,4.0,0.5
94,2025-04-22 18:31:50,1,5,AI,Human,0,1,7.0,0.5
95,2025-04-22 18:38:56,1,5,AI,Human,0,1,7.0,0.5
96,2025-04-22 18:41:59,1,5,AI,Human,0,1,5.0,0.5
97,2025-04-22 18:48:06,1,5,AI,Human,0,1,7.0,0.5
98,2025-04-22 19:47:13,1,5,AI,Human,0,1,9.0,0.5
99,2025-04-22 20:23:49,1,5,AI,Human,0,1,8.0,0.5
100,2025-04-22 20:46:53,1,5,AI,AI,1,0,6.0,0.5
101,2025-04-22 20:48:08,1,5,AI,Human,0,1,5.0,0.5
102,2025-04-23 02:35:11,1,5,AI,AI,1,0,3.0,0.5
103,2025-04-23 03:04:41,1,5,AI,AI,1,0,3.0,0.5
104,2025-04-23 04:00:07,1,5,AI,AI,1,0,8.0,0.5
105,2025-04-23 04:12:23,1,5,AI,Human,0,1,8.0,0.5
106,2025-04-23 04:13:22,1,5,AI,AI,1,0,8.0,0.5
107,2025-04-23 04:30:51,1,5,AI,Human,0,1,4.0,0.5
108,2025-04-23 08:37:02,1,5,AI,Human,0,1,3.0,0.5
109,2025-04-23 23:23:28,1,5,AI,Human,0,1,5.0,0.5
110,2025-04-24 03:11:22,1,5,AI,Human,0,1,7.0,0.5
111,2025-04-24 20:35:41,1,5,AI,Human,0,1,7.0,0.5
112,2025-04-24 20:41:21,1,5,AI,AI,1,0,5.0,0.5
113,2025-04-24 21:01:05,1,5,AI,AI,1,0,6.0,0.5
114,2025-04-24 21:18:24,1,5,AI,AI,1,0,10.0,0.5
115,2025-04-24 23:45:21,1,5,AI,AI,1,0,6.0,0.5
116,2025-04-25 00:19:02,1,5,AI,AI,1,0,5.0,0.5
117,2026-08-08 03:26:47,2,5,AI,AI,1,0,6.0,0.5
118,2026-08-08 05:47:37,2,5,AI,AI,1,0,5.0,0.5
119,2026-08-08 14:11:52,2,5,AI,AI,1,0,5.0,0.5
120,2026-08-08 17:49:52,2,5,AI,AI,1,0,9.0,0.5
121,2026-08-08 19:28:53,2,5,AI,AI,1,0,4.0,0.5
122,2026-08-08 22:13:11,2,5,AI,Human,0,1,7.0,0.5
123,2026-08-08 22:41:56,2,5,AI,AI,1,0,6.0,0.5
124,2026-08-08 23:23:12,2,5,AI,AI,1,0,6.0,0.5
125,2026-08-09 01:16:45,2,5,AI,AI,1,0,6.0,0.5
126,2026-08-09 02:07:18,2,5,AI,AI,1,0,5.0,0.5
127,2026-08-10 08:47:25,2,5,AI,Human,0,1,7.0,0.5
128,2026-08-10 10:27:53,2,5,AI,AI,1,0,5.0,0.5
129,2026-08-10 13:43:19,2,5,AI,AI,1,0,5.0,0.5
130,2026-08-11 08:36:46,2,5,AI,Human,0,1,8.0,0.5
131,2026-08-11 08:41:45,2,5,AI,AI,1,0,4.0,0.5
132,2026-08-11 08:43:46,2,5,AI,AI,1,0,7.0,0.5
133,2026-08-15 08:06:34,2,5,AI,AI,1,0,2.0,0.5
134,2026-08-15 08:17:20,2,5,AI,AI,1,0,3.0,0.5
135,2026-08-16 20:50:33,2,5,AI,Human,0,1,10.0,0.5
136,2026-08-16 23:12:10,2,5,AI,AI,1,0,4.0,0.5
0,2025-04-10 22:21:05,1,6,Human,AI,0,0,4.0,
1,2025-04-10 22:40:56,1,6,Human,AI,0,0,4.0,
2,2025-04-10 22:42:51,1,6,Human,AI,0,0,8.0,
3,2025-04-10 22:57:33,1,6,Human,Human,1,1,8.0,
4,2025-04-10 22:58:40,1,6,Human,AI,0,0,6.0,
5,2025-04-10 23:02:59,1,6,Human,AI,0,0,4.0,
6,2025-04-10 23:08:24,1,6,Human,Human,1,1,9.0,
7,2025-04-10 23:18:37,1,6,Human,Human,1,1,6.0,
8,2025-04-10 23:22:32,1,6,Human,AI,0,0,4.0,
9,2025-04-10 23:38:24,1,6,Human,Human,1,1,7.0,
10,2025-04-10 23:40:58,1,6,Human,AI,0,0,4.0,
11,2025-04-11 00:10:40,1,6,Human,Human,1,1,7.0,
12,2025-04-11 00:31:42,1,6,Human,Human,1,1,8.0,
13,2025-04-11 00:39:02,1,6,Human,Human,1,1,7.0,
14,2025-04-11 00:43:47,1,6,Human,Human,1,1,7.0,
15,2025-04-11 01:39:38,1,6,Human,Human,1,1,5.0,
16,2025-04-11 02:13:06,1,6,Human,AI,0,0,,
17,2025-04-11 02:17:33,1,6,Human,AI,0,0,7.0,
18,2025-04-11 02:49:12,1,6,Human,AI,0,0,3.0,
19,2025-04-11 03:19:53,1,6,Human,Human,1,1,6.0,
20,2025-04-11 03:48:17,1,6,Human,Human,1,1,7.0,
21,2025-04-11 03:52:38,1,6,Human,Human,1,1,9.0,
22,2025-04-11 04:00:58,1,6,Human,Human,1,1,5.0,
23,2025-04-11 04:05:04,1,6,Human,AI,0,0,2.0,
24,2025-04-11 04:12:49,1,6,Human,Human,1,1,7.0,
25,2025-04-11 04:32:33,1,6,Human,AI,0,0,5.0,
26,2025-04-11 06:15:07,1,6,Human,Human,1,1,8.0,
27,2025-04-11 08:51:12,1,6,Human,AI,0,0,6.0,
28,2025-04-11 09:18:20,1,6,Human,Human,1,1,9.0,
29,2025-04-11 16:23:55,1,6,Human,AI,0,0,4.0,
30,2025-04-11 16:24:27,1,6,Human,Human,1,1,7.0,
31,2025-04-11 16:46:22,1,6,Human,Human,1,1,1.0,
32,2025-04-11 18:45:14,1,6,Human,AI,0,0,4.0,
33,2025-04-11 19:10:54,1,6,Human,Human,1,1,5.0,
34,2025-04-11 19:29:13,1,6,Human,AI,0,0,9.0,
35,2025-04-11 19:29:28,1,6,Human,Human,1,1,7.0,
36,2025-04-11 19:32:10,1,6,Human,Human,1,1,8.0,
37,2025-04-11 19:48:41,1,6,Human,Human,1,1,7.0,
38,2025-04-11 19:55:29,1,6,Human,AI,0,0,7.0,
39,2025-04-11 20:34:06,1,6,Human,Human,1,1,7.0,
40,2025-04-11 21:08:49,1,6,Human,Human,1,1,10.0,
41,2025-04-11 21:20:25,1,6,Human,Human,1,1,7.0,
42,2025-04-11 21:32:34,1,6,Human,AI,0,0,5.0,
43,2025-04-12 00:26:44,1,6,Human,Human,1,1,5.0,
44,2025-04-12 02:28:46,1,6,Human,Human,1,1,6.0,
45,2025-04-12 03:41:17,1,6,Human,AI,0,0,2.0,
46,2025-04-12 09:37:40,1,6,Human,AI,0,0,,
47,2025-04-12 12:40:49,1,6,Human,Human,1,1,7.0,
48,2025-04-12 14:11:13,1,6,Human,Human,1,1,4.0,
49,2025-04-12 14:17:46,1,6,Human,Human,1,1,5.0,
50,2025-04-12 23:16:30,1,6,Human,AI,0,0,6.0,
51,2025-04-12 23:39:53,1,6,Human,Human,1,1,5.0,
52,2025-04-13 11:57:13,1,6,Human,Human,1,1,8.0,
53,2025-04-13 12:46:13,1,6,Human,AI,0,0,4.0,
54,2025-04-13 16:15:54,1,6,Human,AI,0,0,3.0,
55,2025-04-13 16:55:40,1,6,Human,AI,0,0,6.0,
56,2025-04-14 00:45:20,1,6,Human,Human,1,1,8.0,
57,2025-04-14 02:59:37,1,6,Human,Human,1,1,7.0,
58,2025-04-14 06:51:32,1,6,Human,AI,0,0,3.0,
59,2025-04-14 09:56:25,1,6,Human,Human,1,1,9.0,
60,2025-04-14 14:26:24,1,6,Human,AI,0,0,5.0,
61,2025-04-14 21:24:02,1,6,Human,Human,1,1,8.0,
62,2025-04-15 02:05:05,1,6,Human,AI,0,0,4.0,
63,2025-04-15 04:44:42,1,6,Human,Human,1,1,6.0,
64,2025-04-15 04:53:04,1,6,Human,Human,1,1,3.0,
65,2025-04-15 06:35:43,1,6,Human,Human,1,1,6.0,
66,2025-04-17 06:46:39,1,6,Human,Human,1,1,8.0,
67,2025-04-19 19:15:35,1,6,Human,Human,1,1,6.0,
68,2025-04-19 19:17:14,1,6,Human,Human,1,1,1.0,
69,2025-04-19 19:19:10,1,6,Human,Human,1,1,5.0,
70,2025-04-19 19:19:29,1,6,Human,Human,1,1,5.0,
71,2025-04-19 19:20:21,1,6,Human,Human,1,1,8.0,
72,2025-04-19 19:22:05,1,6,Human,Human,1,1,7.0,
73,2025-04-19 19:22:22,1,6,Human,Human,1,1,8.0,
74,2025-04-19 19:23:33,1,6,Human,Human,1,1,6.0,
75,2025-04-19 19:29:07,1,6,Human,Human,1,1,6.0,
76,2025-04-19 20:24:57,1,6,Human,Human,1,1,10.0,
77,2025-04-19 22:31:39,1,6,Human,Human,1,1,8.0,
78,2025-04-19 23:16:59,1,6,Human,Human,1,1,7.0,
79,2025-04-19 23:46:10,1,6,Human,Human,1,1,2.0,
80,2025-04-21 01:33:29,1,6,Human,Human,1,1,3.0,
81,2025-04-21 19:37:54,1,6,Human,Human,1,1,2.0,
82,2025-04-21 20:05:25,1,6,Human,Human,1,1,7.0,
83,2025-04-21 20:48:14,1,6,Human,Human,1,1,6.0,
84,2025-04-21 21:25:19,1,6,Human,Human,1,1,8.0,
85,2025-04-21 21:48:18,1,6,Human,Human,1,1,6.0,
87,2025-04-22 00:25:15,1,6,Human,AI,0,0,8.0,
88,2025-04-22 01:54:50,1,6,Human,AI,0,0,7.0,
89,2025-04-22 02:01:51,1,6,Human,Human,1,1,8.0,
90,2025-04-22 02:04:21,1,6,Human,Human,1,1,7.0,
91,2025-04-22 02:06:36,1,6,Human,AI,0,0,8.0,
92,2025-04-22 04:36:10,1,6,Human,Human,1,1,7.0,
93,2025-04-22 08:05:28,1,6,Human,Human,1,1,5.0,
94,2025-04-22 18:31:50,1,6,Human,AI,0,0,5.0,
95,2025-04-22 18:38:56,1,6,Human,Human,1,1,8.0,
96,2025-04-22 18:41:59,1,6,Human,Human,1,1,10.0,
97,2025-04-22 18:48:06,1,6,Human,Human,1,1,5.0,
98,2025-04-22 19:47:13,1,6,Human,Human,1,1,9.0,
99,2025-04-22 20:23:49,1,6,Human,Human,1,1,9.0,
100,2025-04-22 20:46:53,1,6,Human,AI,0,0,7.0,
101,2025-04-22 20:48:08,1,6,Human,Human,1,1,5.0,
102,2025-04-23 02:35:11,1,6,Human,Human,1,1,3.0,
103,2025-04-23 03:04:41,1,6,Human,Human,1,1,5.0,
104,2025-04-23 04:00:07,1,6,Human,Human,1,1,3.0,
105,2025-04-23 04:12:23,1,6,Human,Human,1,1,9.0,
106,2025-04-23 04:13:22,1,6,Human,Human,1,1,6.0,
107,2025-04-23 04:30:51,1,6,Human,Human,1,1,9.0,
108,2025-04-23 08:37:02,1,6,Human,Human,1,1,6.0,
109,2025-04-23 23:23:28,1,6,Human,Human,1,1,5.0,
110,2025-04-24 03:11:22,1,6,Human,Human,1,1,8.0,
111,2025-04-24 20:35:41,1,6,Human,AI,0,0,6.0,
112,2025-04-24 20:41:21,1,6,Human,Human,1,1,5.0,
113,2025-04-24 21:01:05,1,6,Human,Human,1,1,9.0,
114,2025-04-24 21:18:24,1,6,Human,Human,1,1,1.0,
115,2025-04-24 23:45:21,1,6,Human,Human,1,1,6.0,
116,2025-04-25 00:19:02,1,6,Human,Human,1,1,9.0,
117,2026-08-08 03:26:47,2,6,Human,Human,1,1,9.0,
118,2026-08-08 05:47:37,2,6,Human,Human,1,1,7.0,
119,2026-08-08 14:11:52,2,6,Human,Human,1,1,7.0,
120,2026-08-08 17:49:52,2,6,Human,Human,1,1,9.0,
121,2026-08-08 19:28:53,2,6,Human,Human,1,1,8.0,
122,2026-08-08 22:13:11,2,6,Human,Human,1,1,7.0,
123,2026-08-08 22:41:56,2,6,Human,Human,1,1,6.0,
125,2026-08-09 01:16:45,2,6,Human,Human,1,1,7.0,
126,2026-08-09 02:07:18,2,6,Human,Human,1,1,1.0,
127,2026-08-10 08:47:25,2,6,Human,Human,1,1,8.0,
128,2026-08-10 10:27:53,2,6,Human,Human,1,1,7.0,
129,2026-08-10 13:43:19,2,6,Human,Human,1,1,6.0,
130,2026-08-11 08:36:46,2,6,Human,Human,1,1,4.0,
131,2026-08-11 08:41:45,2,6,Human,Human,1,1,6.0,
132,2026-08-11 08:43:46,2,6,Human,Human,1,1,7.0,
133,2026-08-15 08:06:34,2,6,Human,Human,1,1,3.0,
134,2026-08-15 08:17:20,2,6,Human,Human,1,1,4.0,
135,2026-08-16 20:50:33,2,6,Human,Human,1,1,9.0,
136,2026-08-16 23:12:10,2,6,Human,AI,0,0,3.0,
0,2025-04-10 22:21:05,1,7,Human,AI,0,0,4.0,
1,2025-04-10 22:40:56,1,7,Human,Human,1,1,6.0,
2,2025-04-10 22:42:51,1,7,Human,Human,1,1,6.0,
3,2025-04-10 22:57:33,1,7,Human,AI,0,0,7.0,
4,2025-04-10 22:58:40,1,7,Human,AI,0,0,6.0,
5,2025-04-10 23:02:59,1,7,Human,AI,0,0,5.0,
6,2025-04-10 23:08:24,1,7,Human,Human,1,1,6.0,
7,2025-04-10 23:18:37,1,7,Human,Human,1,1,7.0,
8,2025-04-10 23:22:32,1,7,Human,AI,0,0,3.0,
9,2025-04-10 23:38:24,1,7,Human,AI,0,0,3.0,
10,2025-04-10 23:40:58,1,7,Human,AI,0,0,4.0,
11,2025-04-11 00:10:40,1,7,Human,Human,1,1,4.0,
12,2025-04-11 00:31:42,1,7,Human,Human,1,1,8.0,
13,2025-04-11 00:39:02,1,7,Human,Human,1,1,4.0,
14,2025-04-11 00:43:47,1,7,Human,AI,0,0,6.0,
15,2025-04-11 01:39:38,1,7,Human,AI,0,0,5.0,
16,2025-04-11 02:13:06,1,7,Human,AI,0,0,,
17,2025-04-11 02:17:33,1,7,Human,Human,1,1,7.0,
18,2025-04-11 02:49:12,1,7,Human,AI,0,0,4.0,
19,2025-04-11 03:19:53,1,7,Human,Human,1,1,6.0,
20,2025-04-11 03:48:17,1,7,Human,AI,0,0,4.0,
21,2025-04-11 03:52:38,1,7,Human,Human,1,1,9.0,
22,2025-04-11 04:00:58,1,7,Human,AI,0,0,4.0,
23,2025-04-11 04:05:04,1,7,Human,AI,0,0,2.0,
24,2025-04-11 04:12:49,1,7,Human,Human,1,1,6.0,
25,2025-04-11 04:32:33,1,7,Human,Human,1,1,6.0,
26,2025-04-11 06:15:07,1,7,Human,AI,0,0,7.0,
27,2025-04-11 08:51:12,1,7,Human,AI,0,0,4.0,
28,2025-04-11 09:18:20,1,7,Human,Human,1,1,9.0,
29,2025-04-11 16:23:55,1,7,Human,AI,0,0,3.0,
30,2025-04-11 16:24:27,1,7,Human,AI,0,0,4.0,
31,2025-04-11 16:46:22,1,7,Human,Human,1,1,6.0,
32,2025-04-11 18:45:14,1,7,Human,Human,1,1,2.0,
33,2025-04-11 19:10:54,1,7,Human,AI,0,0,3.0,
34,2025-04-11 19:29:13,1,7,Human,AI,0,0,9.0,
35,2025-04-11 19:29:28,1,7,Human,Human,1,1,8.0,
36,2025-04-11 19:32:10,1,7,Human,Human,1,1,8.0,
37,2025-04-11 19:48:41,1,7,Human,Human,1,1,7.0,
38,2025-04-11 19:55:29,1,7,Human,AI,0,0,7.0,
39,2025-04-11 20:34:06,1,7,Human,AI,0,0,4.0,
40,2025-04-11 21:08:49,1,7,Human,Human,1,1,9.0,
41,2025-04-11 21:20:25,1,7,Human,Human,1,1,6.0,
42,2025-04-11 21:32:34,1,7,Human,Human,1,1,6.0,
43,2025-04-12 00:26:44,1,7,Human,Human,1,1,6.0,
44,2025-04-12 02:28:46,1,7,Human,AI,0,0,6.0,
45,2025-04-12 03:41:17,1,7,Human,AI,0,0,8.0,
46,2025-04-12 09:37:40,1,7,Human,Human,1,1,,
47,2025-04-12 12:40:49,1,7,Human,AI,0,0,6.0,
48,2025-04-12 14:11:13,1,7,Human,Human,1,1,3.0,
49,2025-04-12 14:17:46,1,7,Human,AI,0,0,5.0,
50,2025-04-12 23:16:30,1,7,Human,Human,1,1,5.0,
51,2025-04-12 23:39:53,1,7,Human,AI,0,0,7.0,
52,2025-04-13 11:57:13,1,7,Human,AI,0,0,5.0,
53,2025-04-13 12:46:13,1,7,Human,AI,0,0,4.0,
54,2025-04-13 16:15:54,1,7,Human,AI,0,0,2.0,
55,2025-04-13 16:55:40,1,7,Human,Human,1,1,4.0,
56,2025-04-14 00:45:20,1,7,Human,Human,1,1,7.0,
57,2025-04-14 02:59:37,1,7,Human,AI,0,0,7.0,
58,2025-04-14 06:51:32,1,7,Human,Human,1,1,6.0,
59,2025-04-14 09:56:25,1,7,Human,AI,0,0,5.0,
60,2025-04-14 14:26:24,1,7,Human,Human,1,1,5.0,
61,2025-04-14 21:24:02,1,7,Human,Human,1,1,7.0,
62,2025-04-15 02:05:05,1,7,Human,Human,1,1,5.0,
63,2025-04-15 04:44:42,1,7,Human,Human,1,1,6.0,
64,2025-04-15 04:53:04,1,7,Human,Human,1,1,2.0,
65,2025-04-15 06:35:43,1,7,Human,Human,1,1,8.0,
66,2025-04-17 06:46:39,1,7,Human,AI,0,0,4.0,
67,2025-04-19 19:15:35,1,7,Human,Human,1,1,4.0,
68,2025-04-19 19:17:14,1,7,Human,Human,1,1,8.0,
69,2025-04-19 19:19:10,1,7,Human,Human,1,1,5.0,
70,2025-04-19 19:19:29,1,7,Human,Human,1,1,5.0,
71,2025-04-19 19:20:21,1,7,Human,Human,1,1,6.0,
72,2025-04-19 19:22:05,1,7,Human,AI,0,0,4.0,
73,2025-04-19 19:22:22,1,7,Human,Human,1,1,6.0,
74,2025-04-19 19:23:33,1,7,Human,Human,1,1,6.0,
75,2025-04-19 19:29:07,1,7,Human,AI,0,0,4.0,
76,2025-04-19 20:24:57,1,7,Human,Human,1,1,9.0,
77,2025-04-19 22:31:39,1,7,Human,AI,0,0,2.0,
78,2025-04-19 23:16:59,1,7,Human,Human,1,1,6.0,
79,2025-04-19 23:46:10,1,7,Human,Human,1,1,6.0,
80,2025-04-21 01:33:29,1,7,Human,Human,1,1,2.0,
81,2025-04-21 19:37:54,1,7,Human,Human,1,1,4.0,
82,2025-04-21 20:05:25,1,7,Human,Human,1,1,5.0,
83,2025-04-21 20:48:14,1,7,Human,Human,1,1,6.0,
84,2025-04-21 21:25:19,1,7,Human,Human,1,1,6.0,
85,2025-04-21 21:48:18,1,7,Human,Human,1,1,5.0,
87,2025-04-22 00:25:15,1,7,Human,AI,0,0,6.0,
88,2025-04-22 01:54:50,1,7,Human,Human,1,1,8.0,
89,2025-04-22 02:01:51,1,7,Human,Human,1,1,4.0,
90,2025-04-22 02:04:21,1,7,Human,AI,0,0,5.0,
91,2025-04-22 02:06:36,1,7,Human,Human,1,1,10.0,
92,2025-04-22 04:36:10,1,7,Human,Human,1,1,6.0,
93,2025-04-22 08:05:28,1,7,Human,AI,0,0,5.0,
94,2025-04-22 18:31:50,1,7,Human,AI,0,0,3.0,
95,2025-04-22 18:38:56,1,7,Human,AI,0,0,8.0,
96,2025-04-22 18:41:59,1,7,Human,Human,1,1,8.0,
97,2025-04-22 18:48:06,1,7,Human,Human,1,1,4.0,
98,2025-04-22 19:47:13,1,7,Human,Human,1,1,9.0,
99,2025-04-22 20:23:49,1,7,Human,Human,1,1,6.0,
100,2025-04-22 20:46:53,1,7,Human,Human,1,1,5.0,
101,2025-04-22 20:48:08,1,7,Human,Human,1,1,6.0,
102,2025-04-23 02:35:11,1,7,Human,Human,1,1,5.0,
103,2025-04-23 03:04:41,1,7,Human,AI,0,0,4.0,
104,2025-04-23 04:00:07,1,7,Human,Human,1,1,9.0,
105,2025-04-23 04:12:23,1,7,Human,AI,0,0,6.0,
106,2025-04-23 04:13:22,1,7,Human,Human,1,1,8.0,
107,2025-04-23 04:30:51,1,7,Human,AI,0,0,4.0,
108,2025-04-23 08:37:02,1,7,Human,Human,1,1,7.0,
109,2025-04-23 23:23:28,1,7,Human,AI,0,0,5.0,
110,2025-04-24 03:11:22,1,7,Human,Human,1,1,7.0,
111,2025-04-24 20:35:41,1,7,Human,Human,1,1,6.0,
112,2025-04-24 20:41:21,1,7,Human,Human,1,1,7.0,
113,2025-04-24 21:01:05,1,7,Human,AI,0,0,2.0,
114,2025-04-24 21:18:24,1,7,Human,Human,1,1,8.0,
115,2025-04-24 23:45:21,1,7,Human,AI,0,0,5.0,
116,2025-04-25 00:19:02,1,7,Human,Human,1,1,10.0,
117,2026-08-08 03:26:47,2,7,Human,Human,1,1,7.0,
118,2026-08-08 05:47:37,2,7,Human,AI,0,0,4.0,
119,2026-08-08 14:11:52,2,7,Human,Human,1,1,6.0,
120,2026-08-08 17:49:52,2,7,Human,Human,1,1,4.0,
121,2026-08-08 19:28:53,2,7,Human,AI,0,0,1.0,
122,2026-08-08 22:13:11,2,7,Human,Human,1,1,6.0,
123,2026-08-08 22:41:56,2,7,Human,Human,1,1,5.0,
124,2026-08-08 23:23:12,2,7,Human,Human,1,1,9.0,
125,2026-08-09 01:16:45,2,7,Human,Human,1,1,6.0,
126,2026-08-09 02:07:18,2,7,Human,Human,1,1,6.0,
127,2026-08-10 08:47:25,2,7,Human,Human,1,1,8.0,
128,2026-08-10 10:27:53,2,7,Human,Human,1,1,4.0,
129,2026-08-10 13:43:19,2,7,Human,Human,1,1,7.0,
130,2026-08-11 08:36:46,2,7,Human,Human,1,1,6.0,
131,2026-08-11 08:41:45,2,7,Human,AI,0,0,5.0,
132,2026-08-11 08:43:46,2,7,Human,Human,1,1,8.0,
133,2026-08-15 08:06:34,2,7,Human,Human,1,1,5.0,
134,2026-08-15 08:17:20,2,7,Human,Human,1,1,4.0,
135,2026-08-16 20:50:33,2,7,Human,AI,0,0,5.0,
136,2026-08-16 23:12:10,2,7,Human,AI,0,0,3.0,
0,2025-04-10 22:21:05,1,8,Human,AI,0,0,6.0,
1,2025-04-10 22:40:56,1,8,Human,Human,1,1,8.0,
2,2025-04-10 22:42:51,1,8,Human,AI,0,0,6.0,
3,2025-04-10 22:57:33,1,8,Human,Human,1,1,6.0,
4,2025-04-10 22:58:40,1,8,Human,AI,0,0,6.0,
5,2025-04-10 23:02:59,1,8,Human,AI,0,0,5.0,
6,2025-04-10 23:08:24,1,8,Human,AI,0,0,,
7,2025-04-10 23:18:37,1,8,Human,AI,0,0,4.0,
8,2025-04-10 23:22:32,1,8,Human,Human,1,1,8.0,
9,2025-04-10 23:38:24,1,8,Human,Human,1,1,9.0,
10,2025-04-10 23:40:58,1,8,Human,AI,0,0,4.0,
11,2025-04-11 00:10:40,1,8,Human,AI,0,0,3.0,
12,2025-04-11 00:31:42,1,8,Human,Human,1,1,8.0,
13,2025-04-11 00:39:02,1,8,Human,Human,1,1,6.0,
14,2025-04-11 00:43:47,1,8,Human,Human,1,1,7.0,
15,2025-04-11 01:39:38,1,8,Human,AI,0,0,5.0,
16,2025-04-11 02:13:06,1,8,Human,Human,1,1,,
17,2025-04-11 02:17:33,1,8,Human,AI,0,0,6.0,
18,2025-04-11 02:49:12,1,8,Human,Human,1,1,6.0,
19,2025-04-11 03:19:53,1,8,Human,Human,1,1,7.0,
20,2025-04-11 03:48:17,1,8,Human,AI,0,0,4.0,
21,2025-04-11 03:52:38,1,8,Human,Human,1,1,9.0,
22,2025-04-11 04:00:58,1,8,Human,AI,0,0,8.0,
23,2025-04-11 04:05:04,1,8,Human,Human,1,1,4.0,
24,2025-04-11 04:12:49,1,8,Human,Human,1,1,7.0,
25,2025-04-11 04:32:33,1,8,Human,Human,1,1,8.0,
26,2025-04-11 06:15:07,1,8,Human,Human,1,1,8.0,
27,2025-04-11 08:51:12,1,8,Human,Human,1,1,5.0,
28,2025-04-11 09:18:20,1,8,Human,Human,1,1,6.0,
29,2025-04-11 16:23:55,1,8,Human,Human,1,1,5.0,
30,2025-04-11 16:24:27,1,8,Human,Human,1,1,9.0,
31,2025-04-11 16:46:22,1,8,Human,Human,1,1,3.0,
32,2025-04-11 18:45:14,1,8,Human,AI,0,0,3.0,
33,2025-04-11 19:10:54,1,8,Human,AI,0,0,2.0,
34,2025-04-11 19:29:13,1,8,Human,Human,1,1,8.0,
35,2025-04-11 19:29:28,1,8,Human,Human,1,1,7.0,
36,2025-04-11 19:32:10,1,8,Human,Human,1,1,8.0,
37,2025-04-11 19:48:41,1,8,Human,AI,0,0,5.0,
38,2025-04-11 19:55:29,1,8,Human,Human,1,1,7.0,
39,2025-04-11 20:34:06,1,8,Human,Human,1,1,8.0,
40,2025-04-11 21:08:49,1,8,Human,AI,0,0,8.0,
41,2025-04-11 21:20:25,1,8,Human,AI,0,0,5.0,
42,2025-04-11 21:32:34,1,8,Human,Human,1,1,6.0,
43,2025-04-12 00:26:44,1,8,Human,Human,1,1,7.0,
44,2025-04-12 02:28:46,1,8,Human,Human,1,1,6.0,
45,2025-04-12 03:41:17,1,8,Human,Human,1,1,8.0,
46,2025-04-12 09:37:40,1,8,Human,Human,1,1,,
47,2025-04-12 12:40:49,1,8,Human,Human,1,1,7.0,
48,2025-04-12 14:11:13,1,8,Human,AI,0,0,6.0,
49,2025-04-12 14:17:46,1,8,Human,AI,0,0,4.0,
50,2025-04-12 23:16:30,1,8,Human,Human,1,1,8.0,
51,2025-04-12 23:39:53,1,8,Human,Human,1,1,3.0,
52,2025-04-13 11:57:13,1,8,Human,Human,1,1,7.0,
53,2025-04-13 12:46:13,1,8,Human,Human,1,1,8.0,
54,2025-04-13 16:15:54,1,8,Human,Human,1,1,8.0,
55,2025-04-13 16:55:40,1,8,Human,AI,0,0,4.0,
56,2025-04-14 00:45:20,1,8,Human,AI,0,0,6.0,
57,2025-04-14 02:59:37,1,8,Human,Human,1,1,8.0,
58,2025-04-14 06:51:32,1,8,Human,AI,0,0,4.0,
59,2025-04-14 09:56:25,1,8,Human,Human,1,1,7.0,
60,2025-04-14 14:26:24,1,8,Human,Human,1,1,4.0,
61,2025-04-14 21:24:02,1,8,Human,Human,1,1,6.0,
62,2025-04-15 02:05:05,1,8,Human,Human,1,1,6.0,
63,2025-04-15 04:44:42,1,8,Human,AI,0,0,7.0,
64,2025-04-15 04:53:04,1,8,Human,Human,1,1,1.0,
65,2025-04-15 06:35:43,1,8,Human,AI,0,0,5.0,
66,2025-04-17 06:46:39,1,8,Human,Human,1,1,6.0,
67,2025-04-19 19:15:35,1,8,Human,Human,1,1,4.0,
68,2025-04-19 19:17:14,1,8,Human,AI,0,0,4.0,
69,2025-04-19 19:19:10,1,8,Human,Human,1,1,4.0,
70,2025-04-19 19:19:29,1,8,Human,AI,0,0,4.0,
71,2025-04-19 19:20:21,1,8,Human,Human,1,1,5.0,
72,2025-04-19 19:22:05,1,8,Human,Human,1,1,8.0,
73,2025-04-19 19:22:22,1,8,Human,Human,1,1,7.0,
74,2025-04-19 19:23:33,1,8,Human,Human,1,1,7.0,
75,2025-04-19 19:29:07,1,8,Human,Human,1,1,6.0,
76,2025-04-19 20:24:57,1,8,Human,Human,1,1,6.0,
77,2025-04-19 22:31:39,1,8,Human,Human,1,1,6.0,
78,2025-04-19 23:16:59,1,8,Human,AI,0,0,7.0,
79,2025-04-19 23:46:10,1,8,Human,Human,1,1,4.0,
80,2025-04-21 01:33:29,1,8,Human,AI,0,0,2.0,
81,2025-04-21 19:37:54,1,8,Human,Human,1,1,6.0,
82,2025-04-21 20:05:25,1,8,Human,Human,1,1,7.0,
83,2025-04-21 20:48:14,1,8,Human,Human,1,1,7.0,
84,2025-04-21 21:25:19,1,8,Human,Human,1,1,4.0,
85,2025-04-21 21:48:18,1,8,Human,Human,1,1,5.0,
87,2025-04-22 00:25:15,1,8,Human,AI,0,0,6.0,
88,2025-04-22 01:54:50,1,8,Human,Human,1,1,5.0,
89,2025-04-22 02:01:51,1,8,Human,Human,1,1,7.0,
90,2025-04-22 02:04:21,1,8,Human,AI,0,0,7.0,
91,2025-04-22 02:06:36,1,8,Human,Human,1,1,7.0,
92,2025-04-22 04:36:10,1,8,Human,Human,1,1,7.0,
93,2025-04-22 08:05:28,1,8,Human,AI,0,0,5.0,
94,2025-04-22 18:31:50,1,8,Human,Human,1,1,2.0,
95,2025-04-22 18:38:56,1,8,Human,AI,0,0,7.0,
96,2025-04-22 18:41:59,1,8,Human,Human,1,1,4.0,
97,2025-04-22 18:48:06,1,8,Human,AI,0,0,5.0,
98,2025-04-22 19:47:13,1,8,Human,Human,1,1,9.0,
99,2025-04-22 20:23:49,1,8,Human,Human,1,1,8.0,
100,2025-04-22 20:46:53,1,8,Human,Human,1,1,6.0,
101,2025-04-22 20:48:08,1,8,Human,AI,0,0,5.0,
102,2025-04-23 02:35:11,1,8,Human,Human,1,1,5.0,
103,2025-04-23 03:04:41,1,8,Human,AI,0,0,4.0,
104,2025-04-23 04:00:07,1,8,Human,AI,0,0,8.0,
105,2025-04-23 04:12:23,1,8,Human,Human,1,1,6.0,
106,2025-04-23 04:13:22,1,8,Human,Human,1,1,4.0,
107,2025-04-23 04:30:51,1,8,Human,Human,1,1,7.0,
108,2025-04-23 08:37:02,1,8,Human,AI,0,0,5.0,
109,2025-04-23 23:23:28,1,8,Human,AI,0,0,5.0,
110,2025-04-24 03:11:22,1,8,Human,Human,1,1,8.0,
111,2025-04-24 20:35:41,1,8,Human,Human,1,1,6.0,
112,2025-04-24 20:41:21,1,8,Human,Human,1,1,7.0,
113,2025-04-24 21:01:05,1,8,Human,Human,1,1,5.0,
114,2025-04-24 21:18:24,1,8,Human,Human,1,1,9.0,
115,2025-04-24 23:45:21,1,8,Human,Human,1,1,7.0,
116,2025-04-25 00:19:02,1,8,Human,Human,1,1,5.0,
117,2026-08-08 03:26:47,2,8,Human,AI,0,0,7.0,
118,2026-08-08 05:47:37,2,8,Human,Human,1,1,8.0,
119,2026-08-08 14:11:52,2,8,Human,Human,1,1,6.0,
120,2026-08-08 17:49:52,2,8,Human,Human,1,1,5.0,
121,2026-08-08 19:28:53,2,8,Human,Human,1,1,7.0,
122,2026-08-08 22:13:11,2,8,Human,Human,1,1,6.0,
123,2026-08-08 22:41:56,2,8,Human,AI,0,0,5.0,
124,2026-08-08 23:23:12,2,8,Human,Human,1,1,7.0,
125,2026-08-09 01:16:45,2,8,Human,Human,1,1,7.0,
126,2026-08-09 02:07:18,2,8,Human,Human,1,1,7.0,
127,2026-08-10 08:47:25,2,8,Human,Human,1,1,6.0,
128,2026-08-10 10:27:53,2,8,Human,Human,1,1,4.0,
129,2026-08-10 13:43:19,2,8,Human,Human,1,1,6.0,
130,2026-08-11 08:36:46,2,8,Human,Human,1,1,4.0,
131,2026-08-11 08:41:45,2,8,Human,AI,0,0,3.0,
132,2026-08-11 08:43:46,2,8,Human,Human,1,1,8.0,
133,2026-08-15 08:06:34,2,8,Human,AI,0,0,,
134,2026-08-15 08:17:20,2,8,Human,Human,1,1,3.0,
135,2026-08-16 20:50:33,2,8,Human,Human,1,1,6.0,
136,2026-08-16 23:12:10,2,8,Human,AI,0,0,5.0,
0,2025-04-10 22:21:05,1,9,AI,AI,1,0,7.0,0.75
1,2025-04-10 22:40:56,1,9,AI,AI,1,0,3.0,0.75
2,2025-04-10 22:42:51,1,9,AI,Human,0,1,7.0,0.75
3,2025-04-10 22:57:33,1,9,AI,Human,0,1,6.0,0.75
4,2025-04-10 22:58:40,1,9,AI,Human,0,1,6.0,0.75
5,2025-04-10 23:02:59,1,9,AI,Human,0,1,8.0,0.75
6,2025-04-10 23:08:24,1,9,AI,AI,1,0,4.0,0.75
7,2025-04-10 23:18:37,1,9,AI,AI,1,0,4.0,0.75
8,2025-04-10 23:22:32,1,9,AI,Human,0,1,8.0,0.75
9,2025-04-10 23:38:24,1,9,AI,AI,1,0,8.0,0.75
10,2025-04-10 23:40:58,1,9,AI,AI,1,0,3.0,0.75
11,2025-04-11 00:10:40,1,9,AI,Human,0,1,6.0,0.75
12,2025-04-11 00:31:42,1,9,AI,AI,1,0,5.0,0.75
13,2025-04-11 00:39:02,1,9,AI,AI,1,0,2.0,0.75
14,2025-04-11 00:43:47,1,9,AI,Human,0,1,9.0,0.75
15,2025-04-11 01:39:38,1,9,AI,Human,0,1,5.0,0.75
16,2025-04-11 02:13:06,1,9,AI,AI,1,0,,0.75
17,2025-04-11 02:17:33,1,9,AI,Human,0,1,6.0,0.75
18,2025-04-11 02:49:12,1,9,AI,AI,1,0,4.0,0.75
19,2025-04-11 03:19:53,1,9,AI,Human,0,1,6.0,0.75
20,2025-04-11 03:48:17,1,9,AI,AI,1,0,4.0,0.75
21,2025-04-11 03:52:38,1,9,AI,AI,1,0,6.0,0.75
22,2025-04-11 04:00:58,1,9,AI,Human,0,1,7.0,0.75
23,2025-04-11 04:05:04,1,9,AI,AI,1,0,4.0,0.75
24,2025-04-11 04:12:49,1,9,AI,Human,0,1,8.0,0.75
25,2025-04-11 04:32:33,1,9,AI,AI,1,0,5.0,0.75
26,2025-04-11 06:15:07,1,9,AI,Human,0,1,7.0,0.75
27,2025-04-11 08:51:12,1,9,AI,Human,0,1,5.0,0.75
28,2025-04-11 09:18:20,1,9,AI,AI,1,0,3.0,0.75
29,2025-04-11 16:23:55,1,9,AI,Human,0,1,7.0,0.75
30,2025-04-11 16:24:27,1,9,AI,Human,0,1,8.0,0.75
31,2025-04-11 16:46:22,1,9,AI,AI,1,0,1.0,0.75
32,2025-04-11 18:45:14,1,9,AI,AI,1,0,4.0,0.75
33,2025-04-11 19:10:54,1,9,AI,AI,1,0,3.0,0.75
34,2025-04-11 19:29:13,1,9,AI,Human,0,1,9.0,0.75
36,2025-04-11 19:32:10,1,9,AI,Human,0,1,9.0,0.75
37,2025-04-11 19:48:41,1,9,AI,Human,0,1,7.0,0.75
38,2025-04-11 19:55:29,1,9,AI,AI,1,0,4.0,0.75
39,2025-04-11 20:34:06,1,9,AI,AI,1,0,5.0,0.75
40,2025-04-11 21:08:49,1,9,AI,AI,1,0,9.0,0.75
41,2025-04-11 21:20:25,1,9,AI,AI,1,0,5.0,0.75
42,2025-04-11 21:32:34,1,9,AI,AI,1,0,4.0,0.75
43,2025-04-12 00:26:44,1,9,AI,AI,1,0,4.0,0.75
44,2025-04-12 02:28:46,1,9,AI,Human,0,1,7.0,0.75
45,2025-04-12 03:41:17,1,9,AI,Human,0,1,7.0,0.75
46,2025-04-12 09:37:40,1,9,AI,AI,1,0,,0.75
47,2025-04-12 12:40:49,1,9,AI,AI,1,0,4.0,0.75
48,2025-04-12 14:11:13,1,9,AI,AI,1,0,5.0,0.75
49,2025-04-12 14:17:46,1,9,AI,Human,0,1,5.0,0.75
50,2025-04-12 23:16:30,1,9,AI,AI,1,0,9.0,0.75
51,2025-04-12 23:39:53,1,9,AI,Human,0,1,3.0,0.75
52,2025-04-13 11:57:13,1,9,AI,Human,0,1,8.0,0.75
53,2025-04-13 12:46:13,1,9,AI,AI,1,0,3.0,0.75
54,2025-04-13 16:15:54,1,9,AI,Human,0,1,6.0,0.75
55,2025-04-13 16:55:40,1,9,AI,AI,1,0,5.0,0.75
56,2025-04-14 00:45:20,1,9,AI,AI,1,0,8.0,0.75
57,2025-04-14 02:59:37,1,9,AI,AI,1,0,7.0,0.75
58,2025-04-14 06:51:32,1,9,AI,AI,1,0,4.0,0.75
59,2025-04-14 09:56:25,1,9,AI,AI,1,0,7.0,0.75
60,2025-04-14 14:26:24,1,9,AI,AI,1,0,7.0,0.75
61,2025-04-14 21:24:02,1,9,AI,Human,0,1,8.0,0.75
62,2025-04-15 02:05:05,1,9,AI,AI,1,0,3.0,0.75
63,2025-04-15 04:44:42,1,9,AI,AI,1,0,4.0,0.75
64,2025-04-15 04:53:04,1,9,AI,AI,1,0,1.0,0.75
65,2025-04-15 06:35:43,1,9,AI,AI,1,0,4.0,0.75
66,2025-04-17 06:46:39,1,9,AI,AI,1,0,3.0,0.75
68,2025-04-19 19:17:14,1,9,AI,AI,1,0,5.0,0.75
69,2025-04-19 19:19:10,1,9,AI,Human,0,1,4.0,0.75
70,2025-04-19 19:19:29,1,9,AI,AI,1,0,4.0,0.75
71,2025-04-19 19:20:21,1,9,AI,AI,1,0,6.0,0.75
72,2025-04-19 19:22:05,1,9,AI,AI,1,0,6.0,0.75
73,2025-04-19 19:22:22,1,9,AI,AI,1,0,6.0,0.75
74,2025-04-19 19:23:33,1,9,AI,Human,0,1,7.0,0.75
75,2025-04-19 19:29:07,1,9,AI,AI,1,0,6.0,0.75
76,2025-04-19 20:24:57,1,9,AI,AI,1,0,9.0,0.75
77,2025-04-19 22:31:39,1,9,AI,AI,1,0,2.0,0.75
78,2025-04-19 23:16:59,1,9,AI,AI,1,0,5.0,0.75
79,2025-04-19 23:46:10,1,9,AI,AI,1,0,2.0,0.75
80,2025-04-21 01:33:29,1,9,AI,Human,0,1,5.0,0.75
81,2025-04-21 19:37:54,1,9,AI,AI,1,0,3.0,0.75
82,2025-04-21 20:05:25,1,9,AI,AI,1,0,3.0,0.75
83,2025-04-21 20:48:14,1,9,AI,AI,1,0,5.0,0.75
84,2025-04-21 21:25:19,1,9,AI,AI,1,0,9.0,0.75
85,2025-04-21 21:48:18,1,9,AI,AI,1,0,3.0,0.75
87,2025-04-22 00:25:15,1,9,AI,Human,0,1,8.0,0.75
88,2025-04-22 01:54:50,1,9,AI,Human,0,1,6.0,0.75
89,2025-04-22 02:01:51,1,9,AI,Human,0,1,4.0,0.75
90,2025-04-22 02:04:21,1,9,AI,AI,1,0,5.0,0.75
91,2025-04-22 02:06:36,1,9,AI,AI,1,0,8.0,0.75
92,2025-04-22 04:36:10,1,9,AI,Human,0,1,5.0,0.75
93,2025-04-22 08:05:28,1,9,AI,AI,1,0,3.0,0.75
94,2025-04-22 18:31:50,1,9,AI,Human,0,1,5.0,0.75
95,2025-04-22 18:38:56,1,9,AI,Human,0,1,9.0,0.75
96,2025-04-22 18:41:59,1,9,AI,AI,1,0,3.0,0.75
97,2025-04-22 18:48:06,1,9,AI,Human,0,1,6.0,0.75
98,2025-04-22 19:47:13,1,9,AI,AI,1,0,6.0,0.75
99,2025-04-22 20:23:49,1,9,AI,Human,0,1,9.0,0.75
100,2025-04-22 20:46:53,1,9,AI,Human,0,1,5.0,0.75
101,2025-04-22 20:48:08,1,9,AI,AI,1,0,4.0,0.75
102,2025-04-23 02:35:11,1,9,AI,AI,1,0,3.0,0.75
103,2025-04-23 03:04:41,1,9,AI,AI,1,0,4.0,0.75
104,2025-04-23 04:00:07,1,9,AI,AI,1,0,6.0,0.75
105,2025-04-23 04:12:23,1,9,AI,AI,1,0,7.0,0.75
106,2025-04-23 04:13:22,1,9,AI,AI,1,0,5.0,0.75
107,2025-04-23 04:30:51,1,9,AI,Human,0,1,3.0,0.75
108,2025-04-23 08:37:02,1,9,AI,AI,1,0,8.0,0.75
109,2025-04-23 23:23:28,1,9,AI,Human,0,1,5.0,0.75
110,2025-04-24 03:11:22,1,9,AI,AI,1,0,8.0,0.75
111,2025-04-24 20:35:41,1,9,AI,AI,1,0,3.0,0.75
112,2025-04-24 20:41:21,1,9,AI,AI,1,0,7.0,0.75
113,2025-04-24 21:01:05,1,9,AI,Human,0,1,6.0,0.75
114,2025-04-24 21:18:24,1,9,AI,AI,1,0,7.0,0.75
115,2025-04-24 23:45:21,1,9,AI,AI,1,0,5.0,0.75
116,2025-04-25 00:19:02,1,9,AI,AI,1,0,2.0,0.75
117,2026-08-08 03:26:47,2,9,AI,AI,1,0,5.0,0.75
118,2026-08-08 05:47:37,2,9,AI,Human,0,1,9.0,0.75
119,2026-08-08 14:11:52,2,9,AI,AI,1,0,4.0,0.75
120,2026-08-08 17:49:52,2,9,AI,Human,0,1,4.0,0.75
121,2026-08-08 19:28:53,2,9,AI,AI,1,0,6.0,0.75
122,2026-08-08 22:13:11,2,9,AI,AI,1,0,7.0,0.75
123,2026-08-08 22:41:56,2,9,AI,AI,1,0,5.0,0.75
124,2026-08-08 23:23:12,2,9,AI,AI,1,0,4.0,0.75
125,2026-08-09 01:16:45,2,9,AI,AI,1,0,7.0,0.75
126,2026-08-09 02:07:18,2,9,AI,AI,1,0,5.0,0.75
127,2026-08-10 08:47:25,2,9,AI,AI,1,0,3.0,0.75
128,2026-08-10 10:27:53,2,9,AI,AI,1,0,5.0,0.75
129,2026-08-10 13:43:19,2,9,AI,AI,1,0,6.0,0.75
130,2026-08-11 08:36:46,2,9,AI,AI,1,0,3.0,0.75
131,2026-08-11 08:41:45,2,9,AI,AI,1,0,2.0,0.75
132,2026-08-11 08:43:46,2,9,AI,AI,1,0,9.0,0.75
133,2026-08-15 08:06:34,2,9,AI,AI,1,0,4.0,0.75
134,2026-08-15 08:17:20,2,9,AI,AI,1,0,3.0,0.75
135,2026-08-16 20:50:33,2,9,AI,AI,1,0,6.0,0.75
136,2026-08-16 23:12:10,2,9,AI,AI,1,0,3.0,0.75
0,2025-04-10 22:21:05,1,10,AI,Human,0,1,8.0,1.0
1,2025-04-10 22:40:56,1,10,AI,AI,1,0,3.0,1.0
2,2025-04-10 22:42:51,1,10,AI,AI,1,0,5.0,1.0
3,2025-04-10 22:57:33,1,10,AI,AI,1,0,3.0,1.0
4,2025-04-10 22:58:40,1,10,AI,AI,1,0,6.0,1.0
5,2025-04-10 23:02:59,1,10,AI,Human,0,1,6.0,1.0
6,2025-04-10 23:08:24,1,10,AI,AI,1,0,4.0,1.0
7,2025-04-10 23:18:37,1,10,AI,AI,1,0,5.0,1.0
8,2025-04-10 23:22:32,1,10,AI,AI,1,0,2.0,1.0
9,2025-04-10 23:38:24,1,10,AI,AI,1,0,5.0,1.0
10,2025-04-10 23:40:58,1,10,AI,AI,1,0,3.0,1.0
11,2025-04-11 00:10:40,1,10,AI,AI,1,0,6.0,1.0
12,2025-04-11 00:31:42,1,10,AI,Human,0,1,8.0,1.0
13,2025-04-11 00:39:02,1,10,AI,AI,1,0,3.0,1.0
14,2025-04-11 00:43:47,1,10,AI,AI,1,0,7.0,1.0
15,2025-04-11 01:39:38,1,10,AI,Human,0,1,5.0,1.0
16,2025-04-11 02:13:06,1,10,AI,AI,1,0,,1.0
17,2025-04-11 02:17:33,1,10,AI,AI,1,0,5.0,1.0
18,2025-04-11 02:49:12,1,10,AI,Human,0,1,9.0,1.0
19,2025-04-11 03:19:53,1,10,AI,AI,1,0,7.0,1.0
20,2025-04-11 03:48:17,1,10,AI,Human,0,1,6.0,1.0
21,2025-04-11 03:52:38,1,10,AI,AI,1,0,6.0,1.0
22,2025-04-11 04:00:58,1,10,AI,AI,1,0,8.0,1.0
23,2025-04-11 04:05:04,1,10,AI,AI,1,0,3.0,1.0
24,2025-04-11 04:12:49,1,10,AI,AI,1,0,9.0,1.0
25,2025-04-11 04:32:33,1,10,AI,AI,1,0,8.0,1.0
26,2025-04-11 06:15:07,1,10,AI,AI,1,0,3.0,1.0
27,2025-04-11 08:51:12,1,10,AI,AI,1,0,5.0,1.0
28,2025-04-11 09:18:20,1,10,AI,AI,1,0,10.0,1.0
29,2025-04-11 16:23:55,1,10,AI,Human,0,1,5.0,1.0
30,2025-04-11 16:24:27,1,10,AI,Human,0,1,9.0,1.0
31,2025-04-11 16:46:22,1,10,AI,AI,1,0,1.0,1.0
32,2025-04-11 18:45:14,1,10,AI,Human,0,1,7.0,1.0
33,2025-04-11 19:10:54,1,10,AI,AI,1,0,5.0,1.0
34,2025-04-11 19:29:13,1,10,AI,Human,0,1,9.0,1.0
35,2025-04-11 19:29:28,1,10,AI,AI,1,0,8.0,1.0
36,2025-04-11 19:32:10,1,10,AI,AI,1,0,5.0,1.0
37,2025-04-11 19:48:41,1,10,AI,AI,1,0,6.0,1.0
38,2025-04-11 19:55:29,1,10,AI,Human,0,1,7.0,1.0
39,2025-04-11 20:34:06,1,10,AI,AI,1,0,3.0,1.0
40,2025-04-11 21:08:49,1,10,AI,AI,1,0,6.0,1.0
41,2025-04-11 21:20:25,1,10,AI,AI,1,0,5.0,1.0
42,2025-04-11 21:32:34,1,10,AI,AI,1,0,4.0,1.0
43,2025-04-12 00:26:44,1,10,AI,Human,0,1,4.0,1.0
44,2025-04-12 02:28:46,1,10,AI,Human,0,1,6.0,1.0
45,2025-04-12 03:41:17,1,10,AI,AI,1,0,5.0,1.0
46,2025-04-12 09:37:40,1,10,AI,AI,1,0,,1.0
47,2025-04-12 12:40:49,1,10,AI,AI,1,0,5.0,1.0
48,2025-04-12 14:11:13,1,10,AI,AI,1,0,6.0,1.0
49,2025-04-12 14:17:46,1,10,AI,AI,1,0,5.0,1.0
50,2025-04-12 23:16:30,1,10,AI,Human,0,1,6.0,1.0
51,2025-04-12 23:39:53,1,10,AI,Human,0,1,3.0,1.0
52,2025-04-13 11:57:13,1,10,AI,AI,1,0,4.0,1.0
53,2025-04-13 12:46:13,1,10,AI,AI,1,0,3.0,1.0
54,2025-04-13 16:15:54,1,10,AI,Human,0,1,7.0,1.0
55,2025-04-13 16:55:40,1,10,AI,Human,0,1,7.0,1.0
56,2025-04-14 00:45:20,1,10,AI,Human,0,1,9.0,1.0
57,2025-04-14 02:59:37,1,10,AI,Human,0,1,7.0,1.0
58,2025-04-14 06:51:32,1,10,AI,Human,0,1,5.0,1.0
59,2025-04-14 09:56:25,1,10,AI,Human,0,1,5.0,1.0
60,2025-04-14 14:26:24,1,10,AI,Human,0,1,6.0,1.0
61,2025-04-14 21:24:02,1,10,AI,Human,0,1,9.0,1.0
62,2025-04-15 02:05:05,1,10,AI,Human,0,1,8.0,1.0
63,2025-04-15 04:44:42,1,10,AI,AI,1,0,9.0,1.0
64,2025-04-15 04:53:04,1,10,AI,Human,0,1,3.0,1.0
65,2025-04-15 06:35:43,1,10,AI,AI,1,0,4.0,1.0
66,2025-04-17 06:46:39,1,10,AI,AI,1,0,2.0,1.0
68,2025-04-19 19:17:14,1,10,AI,Human,0,1,7.0,1.0
69,2025-04-19 19:19:10,1,10,AI,Human,0,1,,1.0
70,2025-04-19 19:19:29,1,10,AI,AI,1,0,3.0,1.0
71,2025-04-19 19:20:21,1,10,AI,AI,1,0,6.0,1.0
72,2025-04-19 19:22:05,1,10,AI,AI,1,0,5.0,1.0
73,2025-04-19 19:22:22,1,10,AI,AI,1,0,6.0,1.0
74,2025-04-19 19:23:33,1,10,AI,AI,1,0,5.0,1.0
75,2025-04-19 19:29:07,1,10,AI,Human,0,1,7.0,1.0
76,2025-04-19 20:24:57,1,10,AI,AI,1,0,8.0,1.0
77,2025-04-19 22:31:39,1,10,AI,AI,1,0,3.0,1.0
78,2025-04-19 23:16:59,1,10,AI,AI,1,0,6.0,1.0
79,2025-04-19 23:46:10,1,10,AI,AI,1,0,3.0,1.0
80,2025-04-21 01:33:29,1,10,AI,Human,0,1,4.0,1.0
81,2025-04-21 19:37:54,1,10,AI,AI,1,0,3.0,1.0
82,2025-04-21 20:05:25,1,10,AI,AI,1,0,4.0,1.0
83,2025-04-21 20:48:14,1,10,AI,AI,1,0,4.0,1.0
84,2025-04-21 21:25:19,1,10,AI,AI,1,0,5.0,1.0
85,2025-04-21 21:48:18,1,10,AI,AI,1,0,6.0,1.0
87,2025-04-22 00:25:15,1,10,AI,Human,0,1,7.0,1.0
88,2025-04-22 01:54:50,1,10,AI,Human,0,1,8.0,1.0
89,2025-04-22 02:01:51,1,10,AI,Human,0,1,3.0,1.0
90,2025-04-22 02:04:21,1,10,AI,AI,1,0,4.0,1.0
91,2025-04-22 02:06:36,1,10,AI,Human,0,1,4.0,1.0
92,2025-04-22 04:36:10,1,10,AI,AI,1,0,5.0,1.0
93,2025-04-22 08:05:28,1,10,AI,AI,1,0,4.0,1.0
94,2025-04-22 18:31:50,1,10,AI,Human,0,1,8.0,1.0
95,2025-04-22 18:38:56,1,10,AI,Human,0,1,9.0,1.0
96,2025-04-22 18:41:59,1,10,AI,AI,1,0,6.0,1.0
97,2025-04-22 18:48:06,1,10,AI,AI,1,0,5.0,1.0
98,2025-04-22 19:47:13,1,10,AI,AI,1,0,6.0,1.0
99,2025-04-22 20:23:49,1,10,AI,Human,0,1,7.0,1.0
100,2025-04-22 20:46:53,1,10,AI,Human,0,1,7.0,1.0
101,2025-04-22 20:48:08,1,10,AI,AI,1,0,5.0,1.0
102,2025-04-23 02:35:11,1,10,AI,AI,1,0,4.0,1.0
103,2025-04-23 03:04:41,1,10,AI,AI,1,0,3.0,1.0
104,2025-04-23 04:00:07,1,10,AI,Human,0,1,5.0,1.0
105,2025-04-23 04:12:23,1,10,AI,AI,1,0,8.0,1.0
106,2025-04-23 04:13:22,1,10,AI,Human,0,1,7.0,1.0
107,2025-04-23 04:30:51,1,10,AI,Human,0,1,3.0,1.0
108,2025-04-23 08:37:02,1,10,AI,AI,1,0,6.0,1.0
109,2025-04-23 23:23:28,1,10,AI,Human,0,1,5.0,1.0
110,2025-04-24 03:11:22,1,10,AI,Human,0,1,6.0,1.0
111,2025-04-24 20:35:41,1,10,AI,Human,0,1,5.0,1.0
112,2025-04-24 20:41:21,1,10,AI,Human,0,1,4.0,1.0
113,2025-04-24 21:01:05,1,10,AI,AI,1,0,6.0,1.0
114,2025-04-24 21:18:24,1,10,AI,Human,0,1,10.0,1.0
115,2025-04-24 23:45:21,1,10,AI,AI,1,0,5.0,1.0
116,2025-04-25 00:19:02,1,10,AI,Human,0,1,7.0,1.0
117,2026-08-08 03:26:47,2,10,AI,Human,0,1,7.0,1.0
118,2026-08-08 05:47:37,2,10,AI,AI,1,0,7.0,1.0
119,2026-08-08 14:11:52,2,10,AI,AI,1,0,4.0,1.0
120,2026-08-08 17:49:52,2,10,AI,AI,1,0,9.0,1.0
121,2026-08-08 19:28:53,2,10,AI,AI,1,0,3.0,1.0
122,2026-08-08 22:13:11,2,10,AI,AI,1,0,5.0,1.0
123,2026-08-08 22:41:56,2,10,AI,AI,1,0,6.0,1.0
124,2026-08-08 23:23:12,2,10,AI,Human,0,1,7.0,1.0
125,2026-08-09 01:16:45,2,10,AI,AI,1,0,4.0,1.0
126,2026-08-09 02:07:18,2,10,AI,Human,0,1,6.0,1.0
127,2026-08-10 08:47:25,2,10,AI,AI,1,0,5.0,1.0
128,2026-08-10 10:27:53,2,10,AI,AI,1,0,4.0,1.0
129,2026-08-10 13:43:19,2,10,AI,Human,0,1,6.0,1.0
130,2026-08-11 08:36:46,2,10,AI,Human,0,1,4.0,1.0
131,2026-08-11 08:41:45,2,10,AI,AI,1,0,3.0,1.0
132,2026-08-11 08:43:46,2,10,AI,AI,1,0,7.0,1.0
133,2026-08-15 08:06:34,2,10,AI,Human,0,1,6.0,1.0
134,2026-08-15 08:17:20,2,10,AI,Human,0,1,5.0,1.0
135,2026-08-16 20:50:33,2,10,AI,Human,0,1,8.0,1.0
136,2026-08-16 23:12:10,2,10,AI,AI,1,0,3.0,1.0
0,2025-04-10 22:21:05,1,11,Human,Human,1,1,3.0,
1,2025-04-10 22:40:56,1,11,Human,Human,1,1,7.0,
2,2025-04-10 22:42:51,1,11,Human,AI,0,0,4.0,
3,2025-04-10 22:57:33,1,11,Human,Human,1,1,6.0,
4,2025-04-10 22:58:40,1,11,Human,AI,0,0,6.0,
5,2025-04-10 23:02:59,1,11,Human,Human,1,1,6.0,
6,2025-04-10 23:08:24,1,11,Human,Human,1,1,8.0,
7,2025-04-10 23:18:37,1,11,Human,Human,1,1,5.0,
8,2025-04-10 23:22:32,1,11,Human,AI,0,0,2.0,
10,2025-04-10 23:40:58,1,11,Human,Human,1,1,7.0,
11,2025-04-11 00:10:40,1,11,Human,Human,1,1,4.0,
12,2025-04-11 00:31:42,1,11,Human,Human,1,1,8.0,
13,2025-04-11 00:39:02,1,11,Human,Human,1,1,6.0,
14,2025-04-11 00:43:47,1,11,Human,AI,0,0,8.0,
16,2025-04-11 02:13:06,1,11,Human,Human,1,1,,
17,2025-04-11 02:17:33,1,11,Human,Human,1,1,4.0,
18,2025-04-11 02:49:12,1,11,Human,AI,0,0,5.0,
19,2025-04-11 03:19:53,1,11,Human,Human,1,1,7.0,
20,2025-04-11 03:48:17,1,11,Human,Human,1,1,8.0,
21,2025-04-11 03:52:38,1,11,Human,Human,1,1,3.0,
22,2025-04-11 04:00:58,1,11,Human,AI,0,0,7.0,
23,2025-04-11 04:05:04,1,11,Human,Human,1,1,5.0,
24,2025-04-11 04:12:49,1,11,Human,AI,0,0,8.0,
25,2025-04-11 04:32:33,1,11,Human,Human,1,1,5.0,
26,2025-04-11 06:15:07,1,11,Human,Human,1,1,7.0,
27,2025-04-11 08:51:12,1,11,Human,Human,1,1,7.0,
28,2025-04-11 09:18:20,1,11,Human,Human,1,1,10.0,
29,2025-04-11 16:23:55,1,11,Human,Human,1,1,4.0,
30,2025-04-11 16:24:27,1,11,Human,Human,1,1,8.0,
31,2025-04-11 16:46:22,1,11,Human,Human,1,1,2.0,
32,2025-04-11 18:45:14,1,11,Human,AI,0,0,5.0,
33,2025-04-11 19:10:54,1,11,Human,Human,1,1,5.0,
34,2025-04-11 19:29:13,1,11,Human,Human,1,1,8.0,
35,2025-04-11 19:29:28,1,11,Human,AI,0,0,6.0,
36,2025-04-11 19:32:10,1,11,Human,Human,1,1,4.0,
37,2025-04-11 19:48:41,1,11,Human,AI,0,0,4.0,
38,2025-04-11 19:55:29,1,11,Human,Human,1,1,4.0,
39,2025-04-11 20:34:06,1,11,Human,AI,0,0,3.0,
40,2025-04-11 21:08:49,1,11,Human,Human,1,1,10.0,
41,2025-04-11 21:20:25,1,11,Human,Human,1,1,6.0,
42,2025-04-11 21:32:34,1,11,Human,AI,0,0,4.0,
43,2025-04-12 00:26:44,1,11,Human,Human,1,1,5.0,
44,2025-04-12 02:28:46,1,11,Human,AI,0,0,4.0,
45,2025-04-12 03:41:17,1,11,Human,Human,1,1,7.0,
46,2025-04-12 09:37:40,1,11,Human,AI,0,0,,
47,2025-04-12 12:40:49,1,11,Human,Human,1,1,6.0,
48,2025-04-12 14:11:13,1,11,Human,Human,1,1,3.0,
49,2025-04-12 14:17:46,1,11,Human,Human,1,1,6.0,
50,2025-04-12 23:16:30,1,11,Human,Human,1,1,8.0,
51,2025-04-12 23:39:53,1,11,Human,Human,1,1,1.0,
52,2025-04-13 11:57:13,1,11,Human,Human,1,1,8.0,
53,2025-04-13 12:46:13,1,11,Human,Human,1,1,7.0,
54,2025-04-13 16:15:54,1,11,Human,Human,1,1,7.0,
55,2025-04-13 16:55:40,1,11,Human,Human,1,1,5.0,
56,2025-04-14 00:45:20,1,11,Human,Human,1,1,9.0,
57,2025-04-14 02:59:37,1,11,Human,Human,1,1,7.0,
58,2025-04-14 06:51:32,1,11,Human,Human,1,1,6.0,
59,2025-04-14 09:56:25,1,11,Human,Human,1,1,4.0,
60,2025-04-14 14:26:24,1,11,Human,AI,0,0,3.0,
61,2025-04-14 21:24:02,1,11,Human,Human,1,1,6.0,
62,2025-04-15 02:05:05,1,11,Human,Human,1,1,9.0,
63,2025-04-15 04:44:42,1,11,Human,Human,1,1,4.0,
64,2025-04-15 04:53:04,1,11,Human,Human,1,1,2.0,
65,2025-04-15 06:35:43,1,11,Human,Human,1,1,7.0,
66,2025-04-17 06:46:39,1,11,Human,Human,1,1,7.0,
67,2025-04-19 19:15:35,1,11,Human,AI,0,0,5.0,
68,2025-04-19 19:17:14,1,11,Human,Human,1,1,10.0,
69,2025-04-19 19:19:10,1,11,Human,Human,1,1,7.0,
70,2025-04-19 19:19:29,1,11,Human,AI,0,0,4.0,
71,2025-04-19 19:20:21,1,11,Human,Human,1,1,7.0,
72,2025-04-19 19:22:05,1,11,Human,Human,1,1,8.0,
73,2025-04-19 19:22:22,1,11,Human,Human,1,1,8.0,
74,2025-04-19 19:23:33,1,11,Human,Human,1,1,4.0,
75,2025-04-19 19:29:07,1,11,Human,Human,1,1,4.0,
76,2025-04-19 20:24:57,1,11,Human,AI,0,0,6.0,
77,2025-04-19 22:31:39,1,11,Human,Human,1,1,4.0,
78,2025-04-19 23:16:59,1,11,Human,Human,1,1,6.0,
79,2025-04-19 23:46:10,1,11,Human,Human,1,1,2.0,
80,2025-04-21 01:33:29,1,11,Human,Human,1,1,3.0,
81,2025-04-21 19:37:54,1,11,Human,Human,1,1,5.0,
82,2025-04-21 20:05:25,1,11,Human,Human,1,1,5.0,
83,2025-04-21 20:48:14,1,11,Human,AI,0,0,3.0,
84,2025-04-21 21:25:19,1,11,Human,Human,1,1,4.0,
85,2025-04-21 21:48:18,1,11,Human,Human,1,1,3.0,
87,2025-04-22 00:25:15,1,11,Human,Human,1,1,7.0,
88,2025-04-22 01:54:50,1,11,Human,AI,0,0,6.0,
89,2025-04-22 02:01:51,1,11,Human,Human,1,1,2.0,
90,2025-04-22 02:04:21,1,11,Human,AI,0,0,5.0,
91,2025-04-22 02:06:36,1,11,Human,AI,0,0,1.0,
92,2025-04-22 04:36:10,1,11,Human,AI,0,0,5.0,
93,2025-04-22 08:05:28,1,11,Human,Human,1,1,4.0,
94,2025-04-22 18:31:50,1,11,Human,AI,0,0,1.0,
95,2025-04-22 18:38:56,1,11,Human,AI,0,0,2.0,
96,2025-04-22 18:41:59,1,11,Human,Human,1,1,7.0,
97,2025-04-22 18:48:06,1,11,Human,Human,1,1,2.0,
98,2025-04-22 19:47:13,1,11,Human,Human,1,1,6.0,
99,2025-04-22 20:23:49,1,11,Human,AI,0,0,3.0,
101,2025-04-22 20:48:08,1,11,Human,AI,0,0,3.0,
102,2025-04-23 02:35:11,1,11,Human,Human,1,1,4.0,
103,2025-04-23 03:04:41,1,11,Human,AI,0,0,3.0,
104,2025-04-23 04:00:07,1,11,Human,AI,0,0,3.0,
105,2025-04-23 04:12:23,1,11,Human,Human,1,1,10.0,
106,2025-04-23 04:13:22,1,11,Human,Human,1,1,3.0,
108,2025-04-23 08:37:02,1,11,Human,Human,1,1,4.0,
109,2025-04-23 23:23:28,1,11,Human,Human,1,1,2.0,
110,2025-04-24 03:11:22,1,11,Human,Human,1,1,9.0,
111,2025-04-24 20:35:41,1,11,Human,Human,1,1,5.0,
112,2025-04-24 20:41:21,1,11,Human,Human,1,1,8.0,
113,2025-04-24 21:01:05,1,11,Human,AI,0,0,3.0,
114,2025-04-24 21:18:24,1,11,Human,AI,0,0,6.0,
115,2025-04-24 23:45:21,1,11,Human,AI,0,0,3.0,
116,2025-04-25 00:19:02,1,11,Human,AI,0,0,2.0,
117,2026-08-08 03:26:47,2,11,Human,Human,1,1,7.0,
118,2026-08-08 05:47:37,2,11,Human,Human,1,1,3.0,
119,2026-08-08 14:11:52,2,11,Human,AI,0,0,4.0,
120,2026-08-08 17:49:52,2,11,Human,Human,1,1,7.0,
121,2026-08-08 19:28:53,2,11,Human,Human,1,1,1.0,
122,2026-08-08 22:13:11,2,11,Human,Human,1,1,8.0,
123,2026-08-08 22:41:56,2,11,Human,Human,1,1,4.0,
124,2026-08-08 23:23:12,2,11,Human,Human,1,1,4.0,
125,2026-08-09 01:16:45,2,11,Human,Human,1,1,5.0,
126,2026-08-09 02:07:18,2,11,Human,Human,1,1,6.0,
127,2026-08-10 08:47:25,2,11,Human,Human,1,1,5.0,
128,2026-08-10 10:27:53,2,11,Human,Human,1,1,3.0,
129,2026-08-10 13:43:19,2,11,Human,Human,1,1,6.0,
130,2026-08-11 08:36:46,2,11,Human,Human,1,1,5.0,
131,2026-08-11 08:41:45,2,11,Human,AI,0,0,2.0,
132,2026-08-11 08:43:46,2,11,Human,AI,0,0,9.0,
133,2026-08-15 08:06:34,2,11,Human,Human,1,1,6.0,
134,2026-08-15 08:17:20,2,11,Human,AI,0,0,3.0,
135,2026-08-16 20:50:33,2,11,Human,Human,1,1,4.0,
136,2026-08-16 23:12:10,2,11,Human,Human,1,1,2.0,
0,2025-04-10 22:21:05,1,12,Human,AI,0,0,4.0,
1,2025-04-10 22:40:56,1,12,Human,AI,0,0,3.0,
2,2025-04-10 22:42:51,1,12,Human,Human,1,1,5.0,
3,2025-04-10 22:57:33,1,12,Human,AI,0,0,4.0,
4,2025-04-10 22:58:40,1,12,Human,Human,1,1,6.0,
5,2025-04-10 23:02:59,1,12,Human,Human,1,1,5.0,
6,2025-04-10 23:08:24,1,12,Human,AI,0,0,3.0,
7,2025-04-10 23:18:37,1,12,Human,Human,1,1,6.0,
8,2025-04-10 23:22:32,1,12,Human,Human,1,1,9.0,
10,2025-04-10 23:40:58,1,12,Human,AI,0,0,4.0,
11,2025-04-11 00:10:40,1,12,Human,Human,1,1,4.0,
12,2025-04-11 00:31:42,1,12,Human,Human,1,1,7.0,
13,2025-04-11 00:39:02,1,12,Human,Human,1,1,6.0,
14,2025-04-11 00:43:47,1,12,Human,Human,1,1,6.0,
16,2025-04-11 02:13:06,1,12,Human,AI,0,0,,
17,2025-04-11 02:17:33,1,12,Human,AI,0,0,4.0,
18,2025-04-11 02:49:12,1,12,Human,Human,1,1,7.0,
19,2025-04-11 03:19:53,1,12,Human,AI,0,0,5.0,
20,2025-04-11 03:48:17,1,12,Human,AI,0,0,5.0,
21,2025-04-11 03:52:38,1,12,Human,Human,1,1,6.0,
22,2025-04-11 04:00:58,1,12,Human,Human,1,1,9.0,
23,2025-04-11 04:05:04,1,12,Human,Human,1,1,3.0,
24,2025-04-11 04:12:49,1,12,Human,Human,1,1,7.0,
25,2025-04-11 04:32:33,1,12,Human,AI,0,0,5.0,
26,2025-04-11 06:15:07,1,12,Human,AI,0,0,4.0,
27,2025-04-11 08:51:12,1,12,Human,AI,0,0,4.0,
28,2025-04-11 09:18:20,1,12,Human,AI,0,0,5.0,
29,2025-04-11 16:23:55,1,12,Human,AI,0,0,5.0,
30,2025-04-11 16:24:27,1,12,Human,Human,1,1,7.0,
31,2025-04-11 16:46:22,1,12,Human,AI,0,0,1.0,
32,2025-04-11 18:45:14,1,12,Human,AI,0,0,5.0,
33,2025-04-11 19:10:54,1,12,Human,AI,0,0,2.0,
34,2025-04-11 19:29:13,1,12,Human,AI,0,0,9.0,
35,2025-04-11 19:29:28,1,12,Human,AI,0,0,8.0,
36,2025-04-11 19:32:10,1,12,Human,Human,1,1,5.0,
37,2025-04-11 19:48:41,1,12,Human,AI,0,0,6.0,
38,2025-04-11 19:55:29,1,12,Human,AI,0,0,4.0,
39,2025-04-11 20:34:06,1,12,Human,AI,0,0,5.0,
40,2025-04-11 21:08:49,1,12,Human,Human,1,1,8.0,
41,2025-04-11 21:20:25,1,12,Human,Human,1,1,4.0,
42,2025-04-11 21:32:34,1,12,Human,AI,0,0,4.0,
43,2025-04-12 00:26:44,1,12,Human,AI,0,0,6.0,
44,2025-04-12 02:28:46,1,12,Human,Human,1,1,6.0,
45,2025-04-12 03:41:17,1,12,Human,AI,0,0,3.0,
46,2025-04-12 09:37:40,1,12,Human,AI,0,0,,
47,2025-04-12 12:40:49,1,12,Human,AI,0,0,5.0,
48,2025-04-12 14:11:13,1,12,Human,Human,1,1,3.0,
49,2025-04-12 14:17:46,1,12,Human,Human,1,1,6.0,
50,2025-04-12 23:16:30,1,12,Human,Human,1,1,4.0,
51,2025-04-12 23:39:53,1,12,Human,Human,1,1,3.0,
52,2025-04-13 11:57:13,1,12,Human,AI,0,0,7.0,
53,2025-04-13 12:46:13,1,12,Human,Human,1,1,7.0,
54,2025-04-13 16:15:54,1,12,Human,AI,0,0,1.0,
55,2025-04-13 16:55:40,1,12,Human,AI,0,0,7.0,
56,2025-04-14 00:45:20,1,12,Human,AI,0,0,5.0,
57,2025-04-14 02:59:37,1,12,Human,Human,1,1,7.0,
58,2025-04-14 06:51:32,1,12,Human,Human,1,1,3.0,
59,2025-04-14 09:56:25,1,12,Human,AI,0,0,4.0,
60,2025-04-14 14:26:24,1,12,Human,AI,0,0,4.0,
61,2025-04-14 21:24:02,1,12,Human,Human,1,1,7.0,
62,2025-04-15 02:05:05,1,12,Human,AI,0,0,2.0,
63,2025-04-15 04:44:42,1,12,Human,Human,1,1,4.0,
64,2025-04-15 04:53:04,1,12,Human,Human,1,1,3.0,
65,2025-04-15 06:35:43,1,12,Human,Human,1,1,7.0,
66,2025-04-17 06:46:39,1,12,Human,Human,1,1,7.0,
67,2025-04-19 19:15:35,1,12,Human,Human,1,1,4.0,
68,2025-04-19 19:17:14,1,12,Human,Human,1,1,4.0,
69,2025-04-19 19:19:10,1,12,Human,AI,0,0,2.0,
70,2025-04-19 19:19:29,1,12,Human,Human,1,1,5.0,
71,2025-04-19 19:20:21,1,12,Human,Human,1,1,5.0,
72,2025-04-19 19:22:05,1,12,Human,AI,0,0,5.0,
73,2025-04-19 19:22:22,1,12,Human,AI,0,0,5.0,
74,2025-04-19 19:23:33,1,12,Human,Human,1,1,7.0,
75,2025-04-19 19:29:07,1,12,Human,Human,1,1,6.0,
76,2025-04-19 20:24:57,1,12,Human,Human,1,1,8.0,
77,2025-04-19 22:31:39,1,12,Human,AI,0,0,7.0,
78,2025-04-19 23:16:59,1,12,Human,AI,0,0,6.0,
79,2025-04-19 23:46:10,1,12,Human,AI,0,0,3.0,
80,2025-04-21 01:33:29,1,12,Human,AI,0,0,2.0,
81,2025-04-21 19:37:54,1,12,Human,Human,1,1,7.0,
82,2025-04-21 20:05:25,1,12,Human,AI,0,0,4.0,
83,2025-04-21 20:48:14,1,12,Human,Human,1,1,5.0,
84,2025-04-21 21:25:19,1,12,Human,Human,1,1,4.0,
85,2025-04-21 21:48:18,1,12,Human,Human,1,1,6.0,
87,2025-04-22 00:25:15,1,12,Human,AI,0,0,6.0,
88,2025-04-22 01:54:50,1,12,Human,AI,0,0,5.0,
89,2025-04-22 02:01:51,1,12,Human,Human,1,1,7.0,
90,2025-04-22 02:04:21,1,12,Human,Human,1,1,7.0,
91,2025-04-22 02:06:36,1,12,Human,Human,1,1,6.0,
92,2025-04-22 04:36:10,1,12,Human,AI,0,0,5.0,
93,2025-04-22 08:05:28,1,12,Human,Human,1,1,6.0,
94,2025-04-22 18:31:50,1,12,Human,AI,0,0,1.0,
95,2025-04-22 18:38:56,1,12,Human,Human,1,1,9.0,
96,2025-04-22 18:41:59,1,12,Human,AI,0,0,7.0,
97,2025-04-22 18:48:06,1,12,Human,AI,0,0,3.0,
98,2025-04-22 19:47:13,1,12,Human,Human,1,1,8.0,
99,2025-04-22 20:23:49,1,12,Human,AI,0,0,6.0,
101,2025-04-22 20:48:08,1,12,Human,AI,0,0,3.0,
102,2025-04-23 02:35:11,1,12,Human,AI,0,0,2.0,
103,2025-04-23 03:04:41,1,12,Human,Human,1,1,5.0,
104,2025-04-23 04:00:07,1,12,Human,Human,1,1,10.0,
105,2025-04-23 04:12:23,1,12,Human,AI,0,0,7.0,
106,2025-04-23 04:13:22,1,12,Human,Human,1,1,6.0,
108,2025-04-23 08:37:02,1,12,Human,Human,1,1,6.0,
109,2025-04-23 23:23:28,1,12,Human,Human,1,1,4.0,
110,2025-04-24 03:11:22,1,12,Human,Human,1,1,9.0,
111,2025-04-24 20:35:41,1,12,Human,AI,0,0,5.0,
112,2025-04-24 20:41:21,1,12,Human,Human,1,1,6.0,
113,2025-04-24 21:01:05,1,12,Human,Human,1,1,5.0,
114,2025-04-24 21:18:24,1,12,Human,AI,0,0,5.0,
115,2025-04-24 23:45:21,1,12,Human,AI,0,0,5.0,
116,2025-04-25 00:19:02,1,12,Human,AI,0,0,,
117,2026-08-08 03:26:47,2,12,Human,Human,1,1,9.0,
118,2026-08-08 05:47:37,2,12,Human,AI,0,0,6.0,
119,2026-08-08 14:11:52,2,12,Human,AI,0,0,4.0,
120,2026-08-08 17:49:52,2,12,Human,Human,1,1,7.0,
121,2026-08-08 19:28:53,2,12,Human,AI,0,0,3.0,
122,2026-08-08 22:13:11,2,12,Human,AI,0,0,4.0,
123,2026-08-08 22:41:56,2,12,Human,Human,1,1,5.0,
124,2026-08-08 23:23:12,2,12,Human,Human,1,1,7.0,
125,2026-08-09 01:16:45,2,12,Human,AI,0,0,3.0,
126,2026-08-09 02:07:18,2,12,Human,AI,0,0,4.0,
127,2026-08-10 08:47:25,2,12,Human,Human,1,1,6.0,
128,2026-08-10 10:27:53,2,12,Human,AI,0,0,5.0,
129,2026-08-10 13:43:19,2,12,Human,AI,0,0,6.0,
130,2026-08-11 08:36:46,2,12,Human,AI,0,0,7.0,
131,2026-08-11 08:41:45,2,12,Human,Human,1,1,5.0,
132,2026-08-11 08:43:46,2,12,Human,AI,0,0,4.0,
133,2026-08-15 08:06:34,2,12,Human,Human,1,1,4.0,
134,2026-08-15 08:17:20,2,12,Human,Human,1,1,4.0,
135,2026-08-16 20:50:33,2,12,Human,Human,1,1,7.0,
136,2026-08-16 23:12:10,2,12,Human,AI,0,0,1.0,
0,2025-04-10 22:21:05,1,13,Human,Human,1,1,5.0,
1,2025-04-10 22:40:56,1,13,Human,Human,1,1,5.0,
2,2025-04-10 22:42:51,1,13,Human,Human,1,1,4.0,
3,2025-04-10 22:57:33,1,13,Human,Human,1,1,5.0,
4,2025-04-10 22:58:40,1,13,Human,Human,1,1,6.0,
5,2025-04-10 23:02:59,1,13,Human,Human,1,1,6.0,
6,2025-04-10 23:08:24,1,13,Human,Human,1,1,9.0,
7,2025-04-10 23:18:37,1,13,Human,Human,1,1,10.0,
8,2025-04-10 23:22:32,1,13,Human,Human,1,1,6.0,
10,2025-04-10 23:40:58,1,13,Human,Human,1,1,8.0,
11,2025-04-11 00:10:40,1,13,Human,Human,1,1,7.0,
12,2025-04-11 00:31:42,1,13,Human,Human,1,1,9.0,
13,2025-04-11 00:39:02,1,13,Human,Human,1,1,8.0,
14,2025-04-11 00:43:47,1,13,Human,AI,0,0,6.0,
16,2025-04-11 02:13:06,1,13,Human,AI,0,0,,
17,2025-04-11 02:17:33,1,13,Human,Human,1,1,6.0,
18,2025-04-11 02:49:12,1,13,Human,Human,1,1,9.0,
19,2025-04-11 03:19:53,1,13,Human,Human,1,1,10.0,
20,2025-04-11 03:48:17,1,13,Human,Human,1,1,6.0,
21,2025-04-11 03:52:38,1,13,Human,Human,1,1,7.0,
22,2025-04-11 04:00:58,1,13,Human,AI,0,0,5.0,
23,2025-04-11 04:05:04,1,13,Human,Human,1,1,2.0,
24,2025-04-11 04:12:49,1,13,Human,Human,1,1,3.0,
25,2025-04-11 04:32:33,1,13,Human,Human,1,1,9.0,
26,2025-04-11 06:15:07,1,13,Human,Human,1,1,5.0,
27,2025-04-11 08:51:12,1,13,Human,AI,0,0,4.0,
28,2025-04-11 09:18:20,1,13,Human,Human,1,1,5.0,
29,2025-04-11 16:23:55,1,13,Human,Human,1,1,7.0,
30,2025-04-11 16:24:27,1,13,Human,AI,0,0,6.0,
31,2025-04-11 16:46:22,1,13,Human,Human,1,1,10.0,
32,2025-04-11 18:45:14,1,13,Human,AI,0,0,4.0,
33,2025-04-11 19:10:54,1,13,Human,AI,0,0,1.0,
34,2025-04-11 19:29:13,1,13,Human,AI,0,0,9.0,
35,2025-04-11 19:29:28,1,13,Human,Human,1,1,8.0,
36,2025-04-11 19:32:10,1,13,Human,Human,1,1,4.0,
37,2025-04-11 19:48:41,1,13,Human,Human,1,1,8.0,
38,2025-04-11 19:55:29,1,13,Human,Human,1,1,8.0,
39,2025-04-11 20:34:06,1,13,Human,AI,0,0,6.0,
40,2025-04-11 21:08:49,1,13,Human,Human,1,1,10.0,
41,2025-04-11 21:20:25,1,13,Human,Human,1,1,6.0,
42,2025-04-11 21:32:34,1,13,Human,Human,1,1,5.0,
43,2025-04-12 00:26:44,1,13,Human,Human,1,1,8.0,
44,2025-04-12 02:28:46,1,13,Human,AI,0,0,4.0,
45,2025-04-12 03:41:17,1,13,Human,AI,0,0,4.0,
46,2025-04-12 09:37:40,1,13,Human,Human,1,1,,
47,2025-04-12 12:40:49,1,13,Human,Human,1,1,4.0,
48,2025-04-12 14:11:13,1,13,Human,Human,1,1,3.0,
49,2025-04-12 14:17:46,1,13,Human,Human,1,1,6.0,
50,2025-04-12 23:16:30,1,13,Human,Human,1,1,8.0,
51,2025-04-12 23:39:53,1,13,Human,AI,0,0,3.0,
52,2025-04-13 11:57:13,1,13,Human,Human,1,1,9.0,
53,2025-04-13 12:46:13,1,13,Human,AI,0,0,3.0,
54,2025-04-13 16:15:54,1,13,Human,AI,0,0,1.0,
55,2025-04-13 16:55:40,1,13,Human,Human,1,1,7.0,
56,2025-04-14 00:45:20,1,13,Human,Human,1,1,9.0,
57,2025-04-14 02:59:37,1,13,Human,Human,1,1,7.0,
58,2025-04-14 06:51:32,1,13,Human,AI,0,0,3.0,
59,2025-04-14 09:56:25,1,13,Human,Human,1,1,7.0,
60,2025-04-14 14:26:24,1,13,Human,Human,1,1,8.0,
61,2025-04-14 21:24:02,1,13,Human,Human,1,1,7.0,
62,2025-04-15 02:05:05,1,13,Human,Human,1,1,9.0,
63,2025-04-15 04:44:42,1,13,Human,Human,1,1,5.0,
64,2025-04-15 04:53:04,1,13,Human,Human,1,1,3.0,
65,2025-04-15 06:35:43,1,13,Human,Human,1,1,6.0,
66,2025-04-17 06:46:39,1,13,Human,Human,1,1,3.0,
67,2025-04-19 19:15:35,1,13,Human,AI,0,0,3.0,
68,2025-04-19 19:17:14,1,13,Human,Human,1,1,10.0,
69,2025-04-19 19:19:10,1,13,Human,AI,0,0,1.0,
70,2025-04-19 19:19:29,1,13,Human,Human,1,1,6.0,
71,2025-04-19 19:20:21,1,13,Human,Human,1,1,7.0,
72,2025-04-19 19:22:05,1,13,Human,Human,1,1,7.0,
73,2025-04-19 19:22:22,1,13,Human,AI,0,0,9.0,
74,2025-04-19 19:23:33,1,13,Human,Human,1,1,6.0,
75,2025-04-19 19:29:07,1,13,Human,Human,1,1,5.0,
76,2025-04-19 20:24:57,1,13,Human,Human,1,1,9.0,
77,2025-04-19 22:31:39,1,13,Human,Human,1,1,10.0,
78,2025-04-19 23:16:59,1,13,Human,AI,0,0,7.0,
79,2025-04-19 23:46:10,1,13,Human,Human,1,1,7.0,
80,2025-04-21 01:33:29,1,13,Human,Human,1,1,3.0,
81,2025-04-21 19:37:54,1,13,Human,Human,1,1,10.0,
82,2025-04-21 20:05:25,1,13,Human,Human,1,1,8.0,
83,2025-04-21 20:48:14,1,13,Human,Human,1,1,7.0,
84,2025-04-21 21:25:19,1,13,Human,Human,1,1,9.0,
85,2025-04-21 21:48:18,1,13,Human,Human,1,1,10.0,
87,2025-04-22 00:25:15,1,13,Human,Human,1,1,8.0,
88,2025-04-22 01:54:50,1,13,Human,Human,1,1,5.0,
89,2025-04-22 02:01:51,1,13,Human,Human,1,1,4.0,
90,2025-04-22 02:04:21,1,13,Human,Human,1,1,8.0,
91,2025-04-22 02:06:36,1,13,Human,Human,1,1,7.0,
92,2025-04-22 04:36:10,1,13,Human,Human,1,1,6.0,
93,2025-04-22 08:05:28,1,13,Human,Human,1,1,5.0,
94,2025-04-22 18:31:50,1,13,Human,AI,0,0,1.0,
95,2025-04-22 18:38:56,1,13,Human,Human,1,1,7.0,
96,2025-04-22 18:41:59,1,13,Human,Human,1,1,6.0,
97,2025-04-22 18:48:06,1,13,Human,Human,1,1,8.0,
98,2025-04-22 19:47:13,1,13,Human,Human,1,1,8.0,
99,2025-04-22 20:23:49,1,13,Human,AI,0,0,4.0,
101,2025-04-22 20:48:08,1,13,Human,Human,1,1,6.0,
102,2025-04-23 02:35:11,1,13,Human,Human,1,1,4.0,
103,2025-04-23 03:04:41,1,13,Human,Human,1,1,7.0,
104,2025-04-23 04:00:07,1,13,Human,AI,0,0,6.0,
105,2025-04-23 04:12:23,1,13,Human,Human,1,1,5.0,
106,2025-04-23 04:13:22,1,13,Human,Human,1,1,4.0,
108,2025-04-23 08:37:02,1,13,Human,AI,0,0,4.0,
109,2025-04-23 23:23:28,1,13,Human,Human,1,1,4.0,
110,2025-04-24 03:11:22,1,13,Human,AI,0,0,10.0,
111,2025-04-24 20:35:41,1,13,Human,AI,0,0,4.0,
112,2025-04-24 20:41:21,1,13,Human,AI,0,0,5.0,
113,2025-04-24 21:01:05,1,13,Human,AI,0,0,3.0,
114,2025-04-24 21:18:24,1,13,Human,Human,1,1,7.0,
115,2025-04-24 23:45:21,1,13,Human,Human,1,1,3.0,
116,2025-04-25 00:19:02,1,13,Human,Human,1,1,10.0,
117,2026-08-08 03:26:47,2,13,Human,Human,1,1,9.0,
118,2026-08-08 05:47:37,2,13,Human,Human,1,1,7.0,
119,2026-08-08 14:11:52,2,13,Human,Human,1,1,6.0,
120,2026-08-08 17:49:52,2,13,Human,Human,1,1,10.0,
121,2026-08-08 19:28:53,2,13,Human,Human,1,1,7.0,
122,2026-08-08 22:13:11,2,13,Human,Human,1,1,8.0,
123,2026-08-08 22:41:56,2,13,Human,Human,1,1,9.0,
124,2026-08-08 23:23:12,2,13,Human,Human,1,1,7.0,
125,2026-08-09 01:16:45,2,13,Human,Human,1,1,4.0,
126,2026-08-09 02:07:18,2,13,Human,Human,1,1,6.0,
127,2026-08-10 08:47:25,2,13,Human,Human,1,1,6.0,
128,2026-08-10 10:27:53,2,13,Human,Human,1,1,7.0,
129,2026-08-10 13:43:19,2,13,Human,Human,1,1,7.0,
130,2026-08-11 08:36:46,2,13,Human,Human,1,1,9.0,
131,2026-08-11 08:41:45,2,13,Human,Human,1,1,3.0,
132,2026-08-11 08:43:46,2,13,Human,Human,1,1,9.0,
133,2026-08-15 08:06:34,2,13,Human,Human,1,1,8.0,
134,2026-08-15 08:17:20,2,13,Human,Human,1,1,7.0,
135,2026-08-16 20:50:33,2,13,Human,Human,1,1,10.0,
136,2026-08-16 23:12:10,2,13,Human,Human,1,1,3.0,
0,2025-04-10 22:21:05,1,14,AI,Human,0,1,8.0,1.25
1,2025-04-10 22:40:56,1,14,AI,Human,0,1,6.0,1.25
2,2025-04-10 22:42:51,1,14,AI,AI,1,0,7.0,1.25
3,2025-04-10 22:57:33,1,14,AI,AI,1,0,6.0,1.25
4,2025-04-10 22:58:40,1,14,AI,Human,0,1,6.0,1.25
5,2025-04-10 23:02:59,1,14,AI,Human,0,1,6.0,1.25
6,2025-04-10 23:08:24,1,14,AI,AI,1,0,8.0,1.25
7,2025-04-10 23:18:37,1,14,AI,AI,1,0,4.0,1.25
8,2025-04-10 23:22:32,1,14,AI,Human,0,1,9.0,1.25
10,2025-04-10 23:40:58,1,14,AI,Human,0,1,7.0,1.25
11,2025-04-11 00:10:40,1,14,AI,AI,1,0,3.0,1.25
12,2025-04-11 00:31:42,1,14,AI,Human,0,1,7.0,1.25
13,2025-04-11 00:39:02,1,14,AI,Human,0,1,6.0,1.25
14,2025-04-11 00:43:47,1,14,AI,Human,0,1,7.0,1.25
16,2025-04-11 02:13:06,1,14,AI,Human,0,1,,1.25
17,2025-04-11 02:17:33,1,14,AI,Human,0,1,6.0,1.25
18,2025-04-11 02:49:12,1,14,AI,Human,0,1,7.0,1.25
19,2025-04-11 03:19:53,1,14,AI,AI,1,0,7.0,1.25
20,2025-04-11 03:48:17,1,14,AI,AI,1,0,3.0,1.25
21,2025-04-11 03:52:38,1,14,AI,AI,1,0,5.0,1.25
22,2025-04-11 04:00:58,1,14,AI,Human,0,1,9.0,1.25
23,2025-04-11 04:05:04,1,14,AI,AI,1,0,3.0,1.25
24,2025-04-11 04:12:49,1,14,AI,Human,0,1,8.0,1.25
25,2025-04-11 04:32:33,1,14,AI,Human,0,1,8.0,1.25
26,2025-04-11 06:15:07,1,14,AI,Human,0,1,9.0,1.25
27,2025-04-11 08:51:12,1,14,AI,Human,0,1,5.0,1.25
28,2025-04-11 09:18:20,1,14,AI,Human,0,1,8.0,1.25
29,2025-04-11 16:23:55,1,14,AI,Human,0,1,7.0,1.25
30,2025-04-11 16:24:27,1,14,AI,Human,0,1,8.0,1.25
31,2025-04-11 16:46:22,1,14,AI,AI,1,0,1.0,1.25
32,2025-04-11 18:45:14,1,14,AI,Human,0,1,6.0,1.25
33,2025-04-11 19:10:54,1,14,AI,AI,1,0,3.0,1.25
34,2025-04-11 19:29:13,1,14,AI,Human,0,1,8.0,1.25
35,2025-04-11 19:29:28,1,14,AI,Human,0,1,4.0,1.25
36,2025-04-11 19:32:10,1,14,AI,Human,0,1,6.0,1.25
37,2025-04-11 19:48:41,1,14,AI,Human,0,1,7.0,1.25
38,2025-04-11 19:55:29,1,14,AI,Human,0,1,5.0,1.25
39,2025-04-11 20:34:06,1,14,AI,AI,1,0,5.0,1.25
40,2025-04-11 21:08:49,1,14,AI,AI,1,0,10.0,1.25
41,2025-04-11 21:20:25,1,14,AI,AI,1,0,4.0,1.25
42,2025-04-11 21:32:34,1,14,AI,AI,1,0,5.0,1.25
43,2025-04-12 00:26:44,1,14,AI,Human,0,1,6.0,1.25
44,2025-04-12 02:28:46,1,14,AI,Human,0,1,7.0,1.25
45,2025-04-12 03:41:17,1,14,AI,Human,0,1,8.0,1.25
46,2025-04-12 09:37:40,1,14,AI,Human,0,1,,1.25
47,2025-04-12 12:40:49,1,14,AI,Human,0,1,7.0,1.25
48,2025-04-12 14:11:13,1,14,AI,AI,1,0,6.0,1.25
49,2025-04-12 14:17:46,1,14,AI,AI,1,0,5.0,1.25
50,2025-04-12 23:16:30,1,14,AI,AI,1,0,6.0,1.25
51,2025-04-12 23:39:53,1,14,AI,AI,1,0,4.0,1.25
52,2025-04-13 11:57:13,1,14,AI,AI,1,0,3.0,1.25
53,2025-04-13 12:46:13,1,14,AI,Human,0,1,4.0,1.25
54,2025-04-13 16:15:54,1,14,AI,Human,0,1,6.0,1.25
55,2025-04-13 16:55:40,1,14,AI,Human,0,1,5.0,1.25
56,2025-04-14 00:45:20,1,14,AI,AI,1,0,7.0,1.25
57,2025-04-14 02:59:37,1,14,AI,Human,0,1,7.0,1.25
58,2025-04-14 06:51:32,1,14,AI,Human,0,1,5.0,1.25
59,2025-04-14 09:56:25,1,14,AI,AI,1,0,8.0,1.25
60,2025-04-14 14:26:24,1,14,AI,Human,0,1,8.0,1.25
61,2025-04-14 21:24:02,1,14,AI,Human,0,1,8.0,1.25
62,2025-04-15 02:05:05,1,14,AI,AI,1,0,4.0,1.25
63,2025-04-15 04:44:42,1,14,AI,AI,1,0,6.0,1.25
64,2025-04-15 04:53:04,1,14,AI,AI,1,0,2.0,1.25
65,2025-04-15 06:35:43,1,14,AI,AI,1,0,8.0,1.25
66,2025-04-17 06:46:39,1,14,AI,AI,1,0,2.0,1.25
68,2025-04-19 19:17:14,1,14,AI,Human,0,1,8.0,1.25
69,2025-04-19 19:19:10,1,14,AI,Human,0,1,5.0,1.25
70,2025-04-19 19:19:29,1,14,AI,Human,0,1,5.0,1.25
71,2025-04-19 19:20:21,1,14,AI,AI,1,0,5.0,1.25
72,2025-04-19 19:22:05,1,14,AI,AI,1,0,5.0,1.25
73,2025-04-19 19:22:22,1,14,AI,AI,1,0,6.0,1.25
74,2025-04-19 19:23:33,1,14,AI,Human,0,1,4.0,1.25
75,2025-04-19 19:29:07,1,14,AI,Human,0,1,6.0,1.25
76,2025-04-19 20:24:57,1,14,AI,Human,0,1,6.0,1.25
77,2025-04-19 22:31:39,1,14,AI,AI,1,0,2.0,1.25
78,2025-04-19 23:16:59,1,14,AI,Human,0,1,7.0,1.25
79,2025-04-19 23:46:10,1,14,AI,AI,1,0,3.0,1.25
80,2025-04-21 01:33:29,1,14,AI,Human,0,1,3.0,1.25
81,2025-04-21 19:37:54,1,14,AI,Human,0,1,6.0,1.25
82,2025-04-21 20:05:25,1,14,AI,AI,1,0,3.0,1.25
83,2025-04-21 20:48:14,1,14,AI,Human,0,1,6.0,1.25
84,2025-04-21 21:25:19,1,14,AI,Human,0,1,7.0,1.25
85,2025-04-21 21:48:18,1,14,AI,Human,0,1,6.0,1.25
87,2025-04-22 00:25:15,1,14,AI,AI,1,0,6.0,1.25
88,2025-04-22 01:54:50,1,14,AI,AI,1,0,8.0,1.25
89,2025-04-22 02:01:51,1,14,AI,Human,0,1,10.0,1.25
90,2025-04-22 02:04:21,1,14,AI,AI,1,0,6.0,1.25
91,2025-04-22 02:06:36,1,14,AI,AI,1,0,5.0,1.25
92,2025-04-22 04:36:10,1,14,AI,Human,0,1,6.0,1.25
93,2025-04-22 08:05:28,1,14,AI,AI,1,0,4.0,1.25
94,2025-04-22 18:31:50,1,14,AI,Human,0,1,8.0,1.25
95,2025-04-22 18:38:56,1,14,AI,Human,0,1,8.0,1.25
96,2025-04-22 18:41:59,1,14,AI,Human,0,1,6.0,1.25
97,2025-04-22 18:48:06,1,14,AI,Human,0,1,4.0,1.25
98,2025-04-22 19:47:13,1,14,AI,AI,1,0,6.0,1.25
99,2025-04-22 20:23:49,1,14,AI,Human,0,1,6.0,1.25
101,2025-04-22 20:48:08,1,14,AI,Human,0,1,6.0,1.25
102,2025-04-23 02:35:11,1,14,AI,Human,0,1,5.0,1.25
103,2025-04-23 03:04:41,1,14,AI,Human,0,1,5.0,1.25
104,2025-04-23 04:00:07,1,14,AI,Human,0,1,9.0,1.25
105,2025-04-23 04:12:23,1,14,AI,Human,0,1,8.0,1.25
106,2025-04-23 04:13:22,1,14,AI,AI,1,0,5.0,1.25
108,2025-04-23 08:37:02,1,14,AI,AI,1,0,4.0,1.25
109,2025-04-23 23:23:28,1,14,AI,AI,1,0,3.0,1.25
110,2025-04-24 03:11:22,1,14,AI,Human,0,1,7.0,1.25
111,2025-04-24 20:35:41,1,14,AI,Human,0,1,6.0,1.25
112,2025-04-24 20:41:21,1,14,AI,AI,1,0,4.0,1.25
113,2025-04-24 21:01:05,1,14,AI,Human,0,1,5.0,1.25
114,2025-04-24 21:18:24,1,14,AI,AI,1,0,7.0,1.25
115,2025-04-24 23:45:21,1,14,AI,AI,1,0,8.0,1.25
116,2025-04-25 00:19:02,1,14,AI,AI,1,0,3.0,1.25
117,2026-08-08 03:26:47,2,14,AI,AI,1,0,6.0,1.25
118,2026-08-08 05:47:37,2,14,AI,AI,1,0,6.0,1.25
119,2026-08-08 14:11:52,2,14,AI,Human,0,1,6.0,1.25
120,2026-08-08 17:49:52,2,14,AI,AI,1,0,7.0,1.25
121,2026-08-08 19:28:53,2,14,AI,AI,1,0,2.0,1.25
122,2026-08-08 22:13:11,2,14,AI,AI,1,0,5.0,1.25
123,2026-08-08 22:41:56,2,14,AI,AI,1,0,6.0,1.25
124,2026-08-08 23:23:12,2,14,AI,AI,1,0,5.0,1.25
125,2026-08-09 01:16:45,2,14,AI,AI,1,0,6.0,1.25
126,2026-08-09 02:07:18,2,14,AI,Human,0,1,5.0,1.25
127,2026-08-10 08:47:25,2,14,AI,AI,1,0,6.0,1.25
128,2026-08-10 10:27:53,2,14,AI,AI,1,0,4.0,1.25
129,2026-08-10 13:43:19,2,14,AI,AI,1,0,6.0,1.25
130,2026-08-11 08:36:46,2,14,AI,AI,1,0,5.0,1.25
131,2026-08-11 08:41:45,2,14,AI,AI,1,0,2.0,1.25
132,2026-08-11 08:43:46,2,14,AI,AI,1,0,5.0,1.25
133,2026-08-15 08:06:34,2,14,AI,AI,1,0,2.0,1.25
134,2026-08-15 08:17:20,2,14,AI,AI,1,0,3.0,1.25
135,2026-08-16 20:50:33,2,14,AI,AI,1,0,6.0,1.25
136,2026-08-16 23:12:10,2,14,AI,AI,1,0,8.0,1.25
0,2025-04-10 22:21:05,1,15,AI,Human,0,1,10.0,0.0
1,2025-04-10 22:40:56,1,15,AI,AI,1,0,5.0,0.0
2,2025-04-10 22:42:51,1,15,AI,AI,1,0,,0.0
3,2025-04-10 22:57:33,1,15,AI,Human,0,1,4.0,0.0
4,2025-04-10 22:58:40,1,15,AI,Human,0,1,6.0,0.0
5,2025-04-10 23:02:59,1,15,AI,Human,0,1,6.0,0.0
6,2025-04-10 23:08:24,1,15,AI,AI,1,0,3.0,0.0
7,2025-04-10 23:18:37,1,15,AI,AI,1,0,3.0,0.0
8,2025-04-10 23:22:32,1,15,AI,Human,0,1,8.0,0.0
10,2025-04-10 23:40:58,1,15,AI,AI,1,0,5.0,0.0
11,2025-04-11 00:10:40,1,15,AI,AI,1,0,3.0,0.0
12,2025-04-11 00:31:42,1,15,AI,Human,0,1,10.0,0.0
13,2025-04-11 00:39:02,1,15,AI,AI,1,0,3.0,0.0
14,2025-04-11 00:43:47,1,15,AI,AI,1,0,6.0,0.0
15,2025-04-11 01:39:38,1,15,AI,Human,0,1,5.0,0.0
16,2025-04-11 02:13:06,1,15,AI,AI,1,0,,0.0
17,2025-04-11 02:17:33,1,15,AI,Human,0,1,7.0,0.0
18,2025-04-11 02:49:12,1,15,AI,AI,1,0,5.0,0.0
19,2025-04-11 03:19:53,1,15,AI,AI,1,0,4.0,0.0
20,2025-04-11 03:48:17,1,15,AI,AI,1,0,5.0,0.0
21,2025-04-11 03:52:38,1,15,AI,Human,0,1,3.0,0.0
22,2025-04-11 04:00:58,1,15,AI,AI,1,0,9.0,0.0
23,2025-04-11 04:05:04,1,15,AI,Human,0,1,2.0,0.0
24,2025-04-11 04:12:49,1,15,AI,AI,1,0,4.0,0.0
25,2025-04-11 04:32:33,1,15,AI,AI,1,0,6.0,0.0
26,2025-04-11 06:15:07,1,15,AI,AI,1,0,5.0,0.0
27,2025-04-11 08:51:12,1,15,AI,AI,1,0,5.0,0.0
28,2025-04-11 09:18:20,1,15,AI,Human,0,1,8.0,0.0
29,2025-04-11 16:23:55,1,15,AI,AI,1,0,6.0,0.0
30,2025-04-11 16:24:27,1,15,AI,Human,0,1,9.0,0.0
31,2025-04-11 16:46:22,1,15,AI,AI,1,0,1.0,0.0
32,2025-04-11 18:45:14,1,15,AI,Human,0,1,8.0,0.0
33,2025-04-11 19:10:54,1,15,AI,AI,1,0,3.0,0.0
34,2025-04-11 19:29:13,1,15,AI,Human,0,1,9.0,0.0
35,2025-04-11 19:29:28,1,15,AI,AI,1,0,6.0,0.0
36,2025-04-11 19:32:10,1,15,AI,AI,1,0,7.0,0.0
37,2025-04-11 19:48:41,1,15,AI,AI,1,0,4.0,0.0
38,2025-04-11 19:55:29,1,15,AI,AI,1,0,2.0,0.0
39,2025-04-11 20:34:06,1,15,AI,AI,1,0,4.0,0.0
40,2025-04-11 21:08:49,1,15,AI,Human,0,1,10.0,0.0
41,2025-04-11 21:20:25,1,15,AI,Human,0,1,4.0,0.0
42,2025-04-11 21:32:34,1,15,AI,Human,0,1,5.0,0.0
43,2025-04-12 00:26:44,1,15,AI,Human,0,1,7.0,0.0
44,2025-04-12 02:28:46,1,15,AI,Human,0,1,6.0,0.0
45,2025-04-12 03:41:17,1,15,AI,Human,0,1,7.0,0.0
46,2025-04-12 09:37:40,1,15,AI,AI,1,0,,0.0
47,2025-04-12 12:40:49,1,15,AI,AI,1,0,6.0,0.0
48,2025-04-12 14:11:13,1,15,AI,AI,1,0,6.0,0.0
49,2025-04-12 14:17:46,1,15,AI,Human,0,1,5.0,0.0
50,2025-04-12 23:16:30,1,15,AI,Human,0,1,5.0,0.0
51,2025-04-12 23:39:53,1,15,AI,AI,1,0,3.0,0.0
52,2025-04-13 11:57:13,1,15,AI,AI,1,0,3.0,0.0
53,2025-04-13 12:46:13,1,15,AI,AI,1,0,3.0,0.0
54,2025-04-13 16:15:54,1,15,AI,AI,1,0,5.0,0.0
55,2025-04-13 16:55:40,1,15,AI,Human,0,1,7.0,0.0
56,2025-04-14 00:45:20,1,15,AI,AI,1,0,5.0,0.0
57,2025-04-14 02:59:37,1,15,AI,AI,1,0,7.0,0.0
58,2025-04-14 06:51:32,1,15,AI,AI,1,0,5.0,0.0
59,2025-04-14 09:56:25,1,15,AI,Human,0,1,8.0,0.0
60,2025-04-14 14:26:24,1,15,AI,Human,0,1,7.0,0.0
61,2025-04-14 21:24:02,1,15,AI,Human,0,1,9.0,0.0
62,2025-04-15 02:05:05,1,15,AI,AI,1,0,4.0,0.0
63,2025-04-15 04:44:42,1,15,AI,AI,1,0,5.0,0.0
64,2025-04-15 04:53:04,1,15,AI,Human,0,1,3.0,0.0
65,2025-04-15 06:35:43,1,15,AI,AI,1,0,4.0,0.0
66,2025-04-17 06:46:39,1,15,AI,AI,1,0,4.0,0.0
67,2025-04-19 19:15:35,1,15,AI,AI,1,0,9.0,0.0
68,2025-04-19 19:17:14,1,15,AI,AI,1,0,4.0,0.0
69,2025-04-19 19:19:10,1,15,AI,Human,0,1,7.0,0.0
70,2025-04-19 19:19:29,1,15,AI,AI,1,0,5.0,0.0
71,2025-04-19 19:20:21,1,15,AI,AI,1,0,5.0,0.0
72,2025-04-19 19:22:05,1,15,AI,AI,1,0,5.0,0.0
73,2025-04-19 19:22:22,1,15,AI,AI,1,0,5.0,0.0
74,2025-04-19 19:23:33,1,15,AI,AI,1,0,7.0,0.0
75,2025-04-19 19:29:07,1,15,AI,Human,0,1,5.0,0.0
76,2025-04-19 20:24:57,1,15,AI,AI,1,0,6.0,0.0
77,2025-04-19 22:31:39,1,15,AI,Human,0,1,3.0,0.0
78,2025-04-19 23:16:59,1,15,AI,Human,0,1,7.0,0.0
79,2025-04-19 23:46:10,1,15,AI,AI,1,0,3.0,0.0
80,2025-04-21 01:33:29,1,15,AI,AI,1,0,2.0,0.0
81,2025-04-21 19:37:54,1,15,AI,AI,1,0,4.0,0.0
82,2025-04-21 20:05:25,1,15,AI,AI,1,0,3.0,0.0
83,2025-04-21 20:48:14,1,15,AI,AI,1,0,3.0,0.0
84,2025-04-21 21:25:19,1,15,AI,Human,0,1,6.0,0.0
85,2025-04-21 21:48:18,1,15,AI,Human,0,1,2.0,0.0
87,2025-04-22 00:25:15,1,15,AI,AI,1,0,6.0,0.0
88,2025-04-22 01:54:50,1,15,AI,AI,1,0,8.0,0.0
89,2025-04-22 02:01:51,1,15,AI,AI,1,0,5.0,0.0
90,2025-04-22 02:04:21,1,15,AI,AI,1,0,4.0,0.0
91,2025-04-22 02:06:36,1,15,AI,AI,1,0,7.0,0.0
92,2025-04-22 04:36:10,1,15,AI,Human,0,1,6.0,0.0
93,2025-04-22 08:05:28,1,15,AI,Human,0,1,5.0,0.0
94,2025-04-22 18:31:50,1,15,AI,Human,0,1,6.0,0.0
95,2025-04-22 18:38:56,1,15,AI,Human,0,1,8.0,0.0
96,2025-04-22 18:41:59,1,15,AI,Human,0,1,8.0,0.0
97,2025-04-22 18:48:06,1,15,AI,AI,1,0,3.0,0.0
98,2025-04-22 19:47:13,1,15,AI,Human,0,1,8.0,0.0
99,2025-04-22 20:23:49,1,15,AI,Human,0,1,6.0,0.0
101,2025-04-22 20:48:08,1,15,AI,AI,1,0,5.0,0.0
103,2025-04-23 03:04:41,1,15,AI,AI,1,0,5.0,0.0
104,2025-04-23 04:00:07,1,15,AI,Human,0,1,3.0,0.0
105,2025-04-23 04:12:23,1,15,AI,Human,0,1,8.0,0.0
106,2025-04-23 04:13:22,1,15,AI,Human,0,1,5.0,0.0
108,2025-04-23 08:37:02,1,15,AI,Human,0,1,7.0,0.0
109,2025-04-23 23:23:28,1,15,AI,AI,1,0,4.0,0.0
110,2025-04-24 03:11:22,1,15,AI,Human,0,1,8.0,0.0
111,2025-04-24 20:35:41,1,15,AI,Human,0,1,6.0,0.0
112,2025-04-24 20:41:21,1,15,AI,AI,1,0,5.0,0.0
113,2025-04-24 21:01:05,1,15,AI,Human,0,1,5.0,0.0
114,2025-04-24 21:18:24,1,15,AI,AI,1,0,6.0,0.0
115,2025-04-24 23:45:21,1,15,AI,AI,1,0,6.0,0.0
116,2025-04-25 00:19:02,1,15,AI,AI,1,0,2.0,0.0
117,2026-08-08 03:26:47,2,15,AI,Human,0,1,7.0,0.0
118,2026-08-08 05:47:37,2,15,AI,AI,1,0,5.0,0.0
119,2026-08-08 14:11:52,2,15,AI,AI,1,0,5.0,0.0
120,2026-08-08 17:49:52,2,15,AI,Human,0,1,6.0,0.0
121,2026-08-08 19:28:53,2,15,AI,AI,1,0,4.0,0.0
122,2026-08-08 22:13:11,2,15,AI,AI,1,0,5.0,0.0
123,2026-08-08 22:41:56,2,15,AI,AI,1,0,4.0,0.0
124,2026-08-08 23:23:12,2,15,AI,AI,1,0,3.0,0.0
125,2026-08-09 01:16:45,2,15,AI,AI,1,0,5.0,0.0
126,2026-08-09 02:07:18,2,15,AI,AI,1,0,4.0,0.0
127,2026-08-10 08:47:25,2,15,AI,Human,0,1,7.0,0.0
128,2026-08-10 10:27:53,2,15,AI,AI,1,0,4.0,0.0
129,2026-08-10 13:43:19,2,15,AI,AI,1,0,6.0,0.0
130,2026-08-11 08:36:46,2,15,AI,AI,1,0,4.0,0.0
131,2026-08-11 08:41:45,2,15,AI,AI,1,0,2.0,0.0
132,2026-08-11 08:43:46,2,15,AI,AI,1,0,5.0,0.0
133,2026-08-15 08:06:34,2,15,AI,AI,1,0,3.0,0.0
134,2026-08-15 08:17:20,2,15,AI,Human,0,1,5.0,0.0
135,2026-08-16 20:50:33,2,15,AI,AI,1,0,7.0,0.0
136,2026-08-16 23:12:10,2,15,AI,Human,0,1,2.0,0.0
0,2025-04-10 22:21:05,1,16,Human,Human,1,1,6.0,
1,2025-04-10 22:40:56,1,16,Human,AI,0,0,2.0,
2,2025-04-10 22:42:51,1,16,Human,AI,0,0,,
3,2025-04-10 22:57:33,1,16,Human,AI,0,0,5.0,
4,2025-04-10 22:58:40,1,16,Human,AI,0,0,6.0,
5,2025-04-10 23:02:59,1,16,Human,AI,0,0,5.0,
6,2025-04-10 23:08:24,1,16,Human,Human,1,1,4.0,
7,2025-04-10 23:18:37,1,16,Human,AI,0,0,5.0,
8,2025-04-10 23:22:32,1,16,Human,Human,1,1,10.0,
10,2025-04-10 23:40:58,1,16,Human,Human,1,1,3.0,
11,2025-04-11 00:10:40,1,16,Human,Human,1,1,2.0,
12,2025-04-11 00:31:42,1,16,Human,Human,1,1,7.0,
13,2025-04-11 00:39:02,1,16,Human,Human,1,1,1.0,
14,2025-04-11 00:43:47,1,16,Human,Human,1,1,7.0,
15,2025-04-11 01:39:38,1,16,Human,AI,0,0,5.0,
16,2025-04-11 02:13:06,1,16,Human,Human,1,1,,
17,2025-04-11 02:17:33,1,16,Human,Human,1,1,5.0,
18,2025-04-11 02:49:12,1,16,Human,AI,0,0,5.0,
19,2025-04-11 03:19:53,1,16,Human,Human,1,1,5.0,
20,2025-04-11 03:48:17,1,16,Human,Human,1,1,4.0,
21,2025-04-11 03:52:38,1,16,Human,Human,1,1,6.0,
22,2025-04-11 04:00:58,1,16,Human,Human,1,1,5.0,
23,2025-04-11 04:05:04,1,16,Human,Human,1,1,3.0,
24,2025-04-11 04:12:49,1,16,Human,Human,1,1,7.0,
25,2025-04-11 04:32:33,1,16,Human,Human,1,1,6.0,
26,2025-04-11 06:15:07,1,16,Human,Human,1,1,9.0,
27,2025-04-11 08:51:12,1,16,Human,Human,1,1,5.0,
28,2025-04-11 09:18:20,1,16,Human,Human,1,1,5.0,
29,2025-04-11 16:23:55,1,16,Human,AI,0,0,4.0,
30,2025-04-11 16:24:27,1,16,Human,Human,1,1,4.0,
31,2025-04-11 16:46:22,1,16,Human,Human,1,1,1.0,
32,2025-04-11 18:45:14,1,16,Human,AI,0,0,5.0,
33,2025-04-11 19:10:54,1,16,Human,Human,1,1,3.0,
34,2025-04-11 19:29:13,1,16,Human,AI,0,0,9.0,
35,2025-04-11 19:29:28,1,16,Human,AI,0,0,4.0,
36,2025-04-11 19:32:10,1,16,Human,Human,1,1,5.0,
37,2025-04-11 19:48:41,1,16,Human,Human,1,1,4.0,
38,2025-04-11 19:55:29,1,16,Human,Human,1,1,5.0,
39,2025-04-11 20:34:06,1,16,Human,Human,1,1,4.0,
40,2025-04-11 21:08:49,1,16,Human,AI,0,0,9.0,
41,2025-04-11 21:20:25,1,16,Human,Human,1,1,4.0,
42,2025-04-11 21:32:34,1,16,Human,AI,0,0,5.0,
43,2025-04-12 00:26:44,1,16,Human,Human,1,1,8.0,
44,2025-04-12 02:28:46,1,16,Human,AI,0,0,4.0,
45,2025-04-12 03:41:17,1,16,Human,AI,0,0,7.0,
46,2025-04-12 09:37:40,1,16,Human,AI,0,0,,
47,2025-04-12 12:40:49,1,16,Human,Human,1,1,6.0,
48,2025-04-12 14:11:13,1,16,Human,Human,1,1,6.0,
49,2025-04-12 14:17:46,1,16,Human,AI,0,0,5.0,
50,2025-04-12 23:16:30,1,16,Human,Human,1,1,6.0,
51,2025-04-12 23:39:53,1,16,Human,AI,0,0,3.0,
52,2025-04-13 11:57:13,1,16,Human,Human,1,1,5.0,
53,2025-04-13 12:46:13,1,16,Human,Human,1,1,3.0,
54,2025-04-13 16:15:54,1,16,Human,Human,1,1,7.0,
55,2025-04-13 16:55:40,1,16,Human,AI,0,0,7.0,
56,2025-04-14 00:45:20,1,16,Human,Human,1,1,9.0,
57,2025-04-14 02:59:37,1,16,Human,Human,1,1,7.0,
58,2025-04-14 06:51:32,1,16,Human,Human,1,1,,
59,2025-04-14 09:56:25,1,16,Human,Human,1,1,3.0,
60,2025-04-14 14:26:24,1,16,Human,AI,0,0,3.0,
61,2025-04-14 21:24:02,1,16,Human,Human,1,1,8.0,
62,2025-04-15 02:05:05,1,16,Human,Human,1,1,5.0,
63,2025-04-15 04:44:42,1,16,Human,Human,1,1,5.0,
64,2025-04-15 04:53:04,1,16,Human,Human,1,1,1.0,
65,2025-04-15 06:35:43,1,16,Human,Human,1,1,3.0,
66,2025-04-17 06:46:39,1,16,Human,Human,1,1,7.0,
68,2025-04-19 19:17:14,1,16,Human,AI,0,0,5.0,
69,2025-04-19 19:19:10,1,16,Human,Human,1,1,6.0,
70,2025-04-19 19:19:29,1,16,Human,Human,1,1,5.0,
71,2025-04-19 19:20:21,1,16,Human,Human,1,1,6.0,
72,2025-04-19 19:22:05,1,16,Human,Human,1,1,6.0,
73,2025-04-19 19:22:22,1,16,Human,Human,1,1,10.0,
74,2025-04-19 19:23:33,1,16,Human,Human,1,1,6.0,
75,2025-04-19 19:29:07,1,16,Human,Human,1,1,3.0,
76,2025-04-19 20:24:57,1,16,Human,Human,1,1,2.0,
77,2025-04-19 22:31:39,1,16,Human,Human,1,1,3.0,
78,2025-04-19 23:16:59,1,16,Human,Human,1,1,6.0,
79,2025-04-19 23:46:10,1,16,Human,Human,1,1,4.0,
80,2025-04-21 01:33:29,1,16,Human,AI,0,0,1.0,
81,2025-04-21 19:37:54,1,16,Human,Human,1,1,6.0,
82,2025-04-21 20:05:25,1,16,Human,Human,1,1,5.0,
83,2025-04-21 20:48:14,1,16,Human,Human,1,1,4.0,
84,2025-04-21 21:25:19,1,16,Human,Human,1,1,6.0,
85,2025-04-21 21:48:18,1,16,Human,Human,1,1,3.0,
87,2025-04-22 00:25:15,1,16,Human,AI,0,0,5.0,
88,2025-04-22 01:54:50,1,16,Human,AI,0,0,6.0,
89,2025-04-22 02:01:51,1,16,Human,Human,1,1,8.0,
90,2025-04-22 02:04:21,1,16,Human,Human,1,1,3.0,
91,2025-04-22 02:06:36,1,16,Human,Human,1,1,4.0,
92,2025-04-22 04:36:10,1,16,Human,Human,1,1,5.0,
93,2025-04-22 08:05:28,1,16,Human,Human,1,1,5.0,
94,2025-04-22 18:31:50,1,16,Human,Human,1,1,3.0,
95,2025-04-22 18:38:56,1,16,Human,AI,0,0,5.0,
96,2025-04-22 18:41:59,1,16,Human,Human,1,1,7.0,
97,2025-04-22 18:48:06,1,16,Human,AI,0,0,2.0,
98,2025-04-22 19:47:13,1,16,Human,Human,1,1,7.0,
99,2025-04-22 20:23:49,1,16,Human,Human,1,1,5.0,
101,2025-04-22 20:48:08,1,16,Human,Human,1,1,3.0,
102,2025-04-23 02:35:11,1,16,Human,Human,1,1,10.0,
103,2025-04-23 03:04:41,1,16,Human,Human,1,1,6.0,
104,2025-04-23 04:00:07,1,16,Human,AI,0,0,6.0,
105,2025-04-23 04:12:23,1,16,Human,Human,1,1,5.0,
106,2025-04-23 04:13:22,1,16,Human,Human,1,1,1.0,
108,2025-04-23 08:37:02,1,16,Human,AI,0,0,6.0,
109,2025-04-23 23:23:28,1,16,Human,AI,0,0,4.0,
110,2025-04-24 03:11:22,1,16,Human,Human,1,1,7.0,
111,2025-04-24 20:35:41,1,16,Human,Human,1,1,6.0,
112,2025-04-24 20:41:21,1,16,Human,Human,1,1,7.0,
113,2025-04-24 21:01:05,1,16,Human,AI,0,0,2.0,
114,2025-04-24 21:18:24,1,16,Human,AI,0,0,7.0,
115,2025-04-24 23:45:21,1,16,Human,Human,1,1,4.0,
116,2025-04-25 00:19:02,1,16,Human,AI,0,0,3.0,
117,2026-08-08 03:26:47,2,16,Human,Human,1,1,4.0,
118,2026-08-08 05:47:37,2,16,Human,Human,1,1,5.0,
119,2026-08-08 14:11:52,2,16,Human,Human,1,1,3.0,
120,2026-08-08 17:49:52,2,16,Human,Human,1,1,4.0,
121,2026-08-08 19:28:53,2,16,Human,Human,1,1,6.0,
122,2026-08-08 22:13:11,2,16,Human,AI,0,0,4.0,
123,2026-08-08 22:41:56,2,16,Human,Human,1,1,3.0,
124,2026-08-08 23:23:12,2,16,Human,Human,1,1,3.0,
125,2026-08-09 01:16:45,2,16,Human,AI,0,0,8.0,
126,2026-08-09 02:07:18,2,16,Human,AI,0,0,7.0,
127,2026-08-10 08:47:25,2,16,Human,Human,1,1,5.0,
128,2026-08-10 10:27:53,2,16,Human,Human,1,1,3.0,
129,2026-08-10 13:43:19,2,16,Human,Human,1,1,6.0,
130,2026-08-11 08:36:46,2,16,Human,Human,1,1,1.0,
131,2026-08-11 08:41:45,2,16,Human,Human,1,1,5.0,
132,2026-08-11 08:43:46,2,16,Human,Human,1,1,1.0,
133,2026-08-15 08:06:34,2,16,Human,AI,0,0,2.0,
134,2026-08-15 08:17:20,2,16,Human,Human,1,1,1.0,
135,2026-08-16 20:50:33,2,16,Human,Human,1,1,5.0,
136,2026-08-16 23:12:10,2,16,Human,Human,1,1,1.0,
0,2025-04-10 22:21:05,1,17,AI,AI,1,0,1.0,1.75
1,2025-04-10 22:40:56,1,17,AI,AI,1,0,1.0,1.75
2,2025-04-10 22:42:51,1,17,AI,AI,1,0,3.0,1.75
3,2025-04-10 22:57:33,1,17,AI,AI,1,0,6.0,1.75
4,2025-04-10 22:58:40,1,17,AI,AI,1,0,6.0,1.75
5,2025-04-10 23:02:59,1,17,AI,AI,1,0,1.0,1.75
6,2025-04-10 23:08:24,1,17,AI,AI,1,0,1.0,1.75
7,2025-04-10 23:18:37,1,17,AI,AI,1,0,1.0,1.75
8,2025-04-10 23:22:32,1,17,AI,AI,1,0,1.0,1.75
10,2025-04-10 23:40:58,1,17,AI,AI,1,0,1.0,1.75
11,2025-04-11 00:10:40,1,17,AI,AI,1,0,1.0,1.75
12,2025-04-11 00:31:42,1,17,AI,AI,1,0,1.0,1.75
13,2025-04-11 00:39:02,1,17,AI,AI,1,0,1.0,1.75
14,2025-04-11 00:43:47,1,17,AI,AI,1,0,1.0,1.75
15,2025-04-11 01:39:38,1,17,AI,AI,1,0,1.0,1.75
16,2025-04-11 02:13:06,1,17,AI,AI,1,0,,1.75
17,2025-04-11 02:17:33,1,17,AI,Human,0,1,2.0,1.75
18,2025-04-11 02:49:12,1,17,AI,AI,1,0,1.0,1.75
19,2025-04-11 03:19:53,1,17,AI,AI,1,0,1.0,1.75
20,2025-04-11 03:48:17,1,17,AI,AI,1,0,1.0,1.75
21,2025-04-11 03:52:38,1,17,AI,Human,0,1,2.0,1.75
22,2025-04-11 04:00:58,1,17,AI,AI,1,0,1.0,1.75
23,2025-04-11 04:05:04,1,17,AI,AI,1,0,1.0,1.75
24,2025-04-11 04:12:49,1,17,AI,AI,1,0,1.0,1.75
25,2025-04-11 04:32:33,1,17,AI,AI,1,0,1.0,1.75
26,2025-04-11 06:15:07,1,17,AI,AI,1,0,4.0,1.75
27,2025-04-11 08:51:12,1,17,AI,AI,1,0,3.0,1.75
28,2025-04-11 09:18:20,1,17,AI,AI,1,0,1.0,1.75
29,2025-04-11 16:23:55,1,17,AI,AI,1,0,1.0,1.75
30,2025-04-11 16:24:27,1,17,AI,AI,1,0,10.0,1.75
31,2025-04-11 16:46:22,1,17,AI,AI,1,0,1.0,1.75
32,2025-04-11 18:45:14,1,17,AI,AI,1,0,2.0,1.75
33,2025-04-11 19:10:54,1,17,AI,AI,1,0,1.0,1.75
34,2025-04-11 19:29:13,1,17,AI,AI,1,0,1.0,1.75
35,2025-04-11 19:29:28,1,17,AI,AI,1,0,8.0,1.75
36,2025-04-11 19:32:10,1,17,AI,AI,1,0,1.0,1.75
37,2025-04-11 19:48:41,1,17,AI,AI,1,0,1.0,1.75
38,2025-04-11 19:55:29,1,17,AI,AI,1,0,1.0,1.75
39,2025-04-11 20:34:06,1,17,AI,AI,1,0,2.0,1.75
40,2025-04-11 21:08:49,1,17,AI,AI,1,0,2.0,1.75
41,2025-04-11 21:20:25,1,17,AI,AI,1,0,1.0,1.75
42,2025-04-11 21:32:34,1,17,AI,AI,1,0,1.0,1.75
43,2025-04-12 00:26:44,1,17,AI,AI,1,0,1.0,1.75
44,2025-04-12 02:28:46,1,17,AI,Human,0,1,4.0,1.75
45,2025-04-12 03:41:17,1,17,AI,AI,1,0,1.0,1.75
46,2025-04-12 09:37:40,1,17,AI,Human,0,1,,1.75
47,2025-04-12 12:40:49,1,17,AI,AI,1,0,1.0,1.75
48,2025-04-12 14:11:13,1,17,AI,AI,1,0,1.0,1.75
49,2025-04-12 14:17:46,1,17,AI,AI,1,0,1.0,1.75
50,2025-04-12 23:16:30,1,17,AI,AI,1,0,1.0,1.75
51,2025-04-12 23:39:53,1,17,AI,AI,1,0,1.0,1.75
52,2025-04-13 11:57:13,1,17,AI,AI,1,0,1.0,1.75
53,2025-04-13 12:46:13,1,17,AI,AI,1,0,1.0,1.75
54,2025-04-13 16:15:54,1,17,AI,AI,1,0,1.0,1.75
55,2025-04-13 16:55:40,1,17,AI,AI,1,0,1.0,1.75
56,2025-04-14 00:45:20,1,17,AI,AI,1,0,1.0,1.75
57,2025-04-14 02:59:37,1,17,AI,AI,1,0,6.0,1.75
58,2025-04-14 06:51:32,1,17,AI,AI,1,0,4.0,1.75
59,2025-04-14 09:56:25,1,17,AI,Human,0,1,1.0,1.75
60,2025-04-14 14:26:24,1,17,AI,AI,1,0,1.0,1.75
61,2025-04-14 21:24:02,1,17,AI,AI,1,0,1.0,1.75
62,2025-04-15 02:05:05,1,17,AI,AI,1,0,1.0,1.75
63,2025-04-15 04:44:42,1,17,AI,AI,1,0,1.0,1.75
64,2025-04-15 04:53:04,1,17,AI,AI,1,0,1.0,1.75
65,2025-04-15 06:35:43,1,17,AI,AI,1,0,2.0,1.75
66,2025-04-17 06:46:39,1,17,AI,AI,1,0,1.0,1.75
68,2025-04-19 19:17:14,1,17,AI,AI,1,0,1.0,1.75
69,2025-04-19 19:19:10,1,17,AI,AI,1,0,1.0,1.75
70,2025-04-19 19:19:29,1,17,AI,AI,1,0,1.0,1.75
71,2025-04-19 19:20:21,1,17,AI,AI,1,0,5.0,1.75
72,2025-04-19 19:22:05,1,17,AI,Human,0,1,2.0,1.75
73,2025-04-19 19:22:22,1,17,AI,AI,1,0,1.0,1.75
74,2025-04-19 19:23:33,1,17,AI,AI,1,0,5.0,1.75
75,2025-04-19 19:29:07,1,17,AI,AI,1,0,1.0,1.75
76,2025-04-19 20:24:57,1,17,AI,AI,1,0,1.0,1.75
77,2025-04-19 22:31:39,1,17,AI,AI,1,0,1.0,1.75
78,2025-04-19 23:16:59,1,17,AI,AI,1,0,1.0,1.75
79,2025-04-19 23:46:10,1,17,AI,AI,1,0,1.0,1.75
80,2025-04-21 01:33:29,1,17,AI,AI,1,0,1.0,1.75
81,2025-04-21 19:37:54,1,17,AI,AI,1,0,1.0,1.75
82,2025-04-21 20:05:25,1,17,AI,AI,1,0,1.0,1.75
83,2025-04-21 20:48:14,1,17,AI,AI,1,0,1.0,1.75
84,2025-04-21 21:25:19,1,17,AI,Human,0,1,1.0,1.75
85,2025-04-21 21:48:18,1,17,AI,AI,1,0,1.0,1.75
87,2025-04-22 00:25:15,1,17,AI,Human,0,1,1.0,1.75
88,2025-04-22 01:54:50,1,17,AI,AI,1,0,1.0,1.75
89,2025-04-22 02:01:51,1,17,AI,AI,1,0,1.0,1.75
90,2025-04-22 02:04:21,1,17,AI,AI,1,0,1.0,1.75
91,2025-04-22 02:06:36,1,17,AI,AI,1,0,1.0,1.75
92,2025-04-22 04:36:10,1,17,AI,AI,1,0,1.0,1.75
93,2025-04-22 08:05:28,1,17,AI,AI,1,0,1.0,1.75
94,2025-04-22 18:31:50,1,17,AI,AI,1,0,1.0,1.75
95,2025-04-22 18:38:56,1,17,AI,AI,1,0,1.0,1.75
96,2025-04-22 18:41:59,1,17,AI,AI,1,0,1.0,1.75
97,2025-04-22 18:48:06,1,17,AI,AI,1,0,1.0,1.75
98,2025-04-22 19:47:13,1,17,AI,AI,1,0,10.0,1.75
99,2025-04-22 20:23:49,1,17,AI,AI,1,0,1.0,1.75
101,2025-04-22 20:48:08,1,17,AI,AI,1,0,1.0,1.75
102,2025-04-23 02:35:11,1,17,AI,Human,0,1,10.0,1.75
103,2025-04-23 03:04:41,1,17,AI,Human,0,1,5.0,1.75
104,2025-04-23 04:00:07,1,17,AI,AI,1,0,9.0,1.75
105,2025-04-23 04:12:23,1,17,AI,AI,1,0,3.0,1.75
106,2025-04-23 04:13:22,1,17,AI,AI,1,0,1.0,1.75
108,2025-04-23 08:37:02,1,17,AI,AI,1,0,5.0,1.75
109,2025-04-23 23:23:28,1,17,AI,AI,1,0,4.0,1.75
110,2025-04-24 03:11:22,1,17,AI,AI,1,0,9.0,1.75
111,2025-04-24 20:35:41,1,17,AI,AI,1,0,1.0,1.75
112,2025-04-24 20:41:21,1,17,AI,AI,1,0,1.0,1.75
113,2025-04-24 21:01:05,1,17,AI,AI,1,0,1.0,1.75
114,2025-04-24 21:18:24,1,17,AI,AI,1,0,1.0,1.75
115,2025-04-24 23:45:21,1,17,AI,AI,1,0,1.0,1.75
116,2025-04-25 00:19:02,1,17,AI,AI,1,0,1.0,1.75
117,2026-08-08 03:26:47,2,17,AI,AI,1,0,1.0,1.75
118,2026-08-08 05:47:37,2,17,AI,AI,1,0,1.0,1.75
119,2026-08-08 14:11:52,2,17,AI,AI,1,0,1.0,1.75
120,2026-08-08 17:49:52,2,17,AI,Human,0,1,1.0,1.75
121,2026-08-08 19:28:53,2,17,AI,Human,0,1,2.0,1.75
122,2026-08-08 22:13:11,2,17,AI,AI,1,0,1.0,1.75
123,2026-08-08 22:41:56,2,17,AI,AI,1,0,1.0,1.75
124,2026-08-08 23:23:12,2,17,AI,AI,1,0,1.0,1.75
125,2026-08-09 01:16:45,2,17,AI,AI,1,0,1.0,1.75
126,2026-08-09 02:07:18,2,17,AI,AI,1,0,1.0,1.75
128,2026-08-10 10:27:53,2,17,AI,Human,0,1,3.0,1.75
129,2026-08-10 13:43:19,2,17,AI,AI,1,0,3.0,1.75
130,2026-08-11 08:36:46,2,17,AI,Human,0,1,2.0,1.75
131,2026-08-11 08:41:45,2,17,AI,AI,1,0,1.0,1.75
132,2026-08-11 08:43:46,2,17,AI,Human,0,1,1.0,1.75
133,2026-08-15 08:06:34,2,17,AI,AI,1,0,1.0,1.75
134,2026-08-15 08:17:20,2,17,AI,AI,1,0,,1.75
135,2026-08-16 20:50:33,2,17,AI,AI,1,0,1.0,1.75
136,2026-08-16 23:12:10,2,17,AI,AI,1,0,1.0,1.75
0,2025-04-10 22:21:05,1,18,AI,AI,1,0,1.0,2.0
1,2025-04-10 22:40:56,1,18,AI,AI,1,0,1.0,2.0
2,2025-04-10 22:42:51,1,18,AI,Human,0,1,4.0,2.0
3,2025-04-10 22:57:33,1,18,AI,Human,0,1,5.0,2.0
4,2025-04-10 22:58:40,1,18,AI,Human,0,1,6.0,2.0
5,2025-04-10 23:02:59,1,18,AI,AI,1,0,2.0,2.0
6,2025-04-10 23:08:24,1,18,AI,AI,1,0,1.0,2.0
7,2025-04-10 23:18:37,1,18,AI,AI,1,0,1.0,2.0
8,2025-04-10 23:22:32,1,18,AI,AI,1,0,1.0,2.0
10,2025-04-10 23:40:58,1,18,AI,Human,0,1,1.0,2.0
11,2025-04-11 00:10:40,1,18,AI,AI,1,0,1.0,2.0
12,2025-04-11 00:31:42,1,18,AI,AI,1,0,1.0,2.0
13,2025-04-11 00:39:02,1,18,AI,AI,1,0,1.0,2.0
14,2025-04-11 00:43:47,1,18,AI,AI,1,0,1.0,2.0
15,2025-04-11 01:39:38,1,18,AI,AI,1,0,1.0,2.0
16,2025-04-11 02:13:06,1,18,AI,AI,1,0,,2.0
17,2025-04-11 02:17:33,1,18,AI,AI,1,0,2.0,2.0
18,2025-04-11 02:49:12,1,18,AI,AI,1,0,1.0,2.0
19,2025-04-11 03:19:53,1,18,AI,AI,1,0,1.0,2.0
20,2025-04-11 03:48:17,1,18,AI,AI,1,0,1.0,2.0
21,2025-04-11 03:52:38,1,18,AI,AI,1,0,3.0,2.0
22,2025-04-11 04:00:58,1,18,AI,AI,1,0,1.0,2.0
23,2025-04-11 04:05:04,1,18,AI,AI,1,0,1.0,2.0
24,2025-04-11 04:12:49,1,18,AI,AI,1,0,1.0,2.0
25,2025-04-11 04:32:33,1,18,AI,AI,1,0,1.0,2.0
26,2025-04-11 06:15:07,1,18,AI,AI,1,0,7.0,2.0
27,2025-04-11 08:51:12,1,18,AI,AI,1,0,1.0,2.0
28,2025-04-11 09:18:20,1,18,AI,AI,1,0,1.0,2.0
29,2025-04-11 16:23:55,1,18,AI,AI,1,0,1.0,2.0
30,2025-04-11 16:24:27,1,18,AI,Human,0,1,3.0,2.0
31,2025-04-11 16:46:22,1,18,AI,AI,1,0,1.0,2.0
32,2025-04-11 18:45:14,1,18,AI,AI,1,0,3.0,2.0
33,2025-04-11 19:10:54,1,18,AI,AI,1,0,1.0,2.0
34,2025-04-11 19:29:13,1,18,AI,AI,1,0,2.0,2.0
35,2025-04-11 19:29:28,1,18,AI,Human,0,1,6.0,2.0
36,2025-04-11 19:32:10,1,18,AI,AI,1,0,1.0,2.0
37,2025-04-11 19:48:41,1,18,AI,AI,1,0,1.0,2.0
38,2025-04-11 19:55:29,1,18,AI,AI,1,0,1.0,2.0
39,2025-04-11 20:34:06,1,18,AI,AI,1,0,2.0,2.0
40,2025-04-11 21:08:49,1,18,AI,AI,1,0,3.0,2.0
41,2025-04-11 21:20:25,1,18,AI,AI,1,0,1.0,2.0
42,2025-04-11 21:32:34,1,18,AI,AI,1,0,1.0,2.0
43,2025-04-12 00:26:44,1,18,AI,AI,1,0,1.0,2.0
44,2025-04-12 02:28:46,1,18,AI,AI,1,0,5.0,2.0
45,2025-04-12 03:41:17,1,18,AI,AI,1,0,1.0,2.0
46,2025-04-12 09:37:40,1,18,AI,Human,0,1,,2.0
47,2025-04-12 12:40:49,1,18,AI,AI,1,0,1.0,2.0
48,2025-04-12 14:11:13,1,18,AI,AI,1,0,1.0,2.0
49,2025-04-12 14:17:46,1,18,AI,AI,1,0,1.0,2.0
50,2025-04-12 23:16:30,1,18,AI,AI,1,0,1.0,2.0
51,2025-04-12 23:39:53,1,18,AI,AI,1,0,1.0,2.0
52,2025-04-13 11:57:13,1,18,AI,AI,1,0,1.0,2.0
53,2025-04-13 12:46:13,1,18,AI,AI,1,0,1.0,2.0
54,2025-04-13 16:15:54,1,18,AI,AI,1,0,1.0,2.0
55,2025-04-13 16:55:40,1,18,AI,AI,1,0,1.0,2.0
56,2025-04-14 00:45:20,1,18,AI,AI,1,0,1.0,2.0
57,2025-04-14 02:59:37,1,18,AI,AI,1,0,6.0,2.0
58,2025-04-14 06:51:32,1,18,AI,Human,0,1,6.0,2.0
59,2025-04-14 09:56:25,1,18,AI,Human,0,1,1.0,2.0
60,2025-04-14 14:26:24,1,18,AI,AI,1,0,1.0,2.0
61,2025-04-14 21:24:02,1,18,AI,AI,1,0,1.0,2.0
62,2025-04-15 02:05:05,1,18,AI,AI,1,0,1.0,2.0
63,2025-04-15 04:44:42,1,18,AI,AI,1,0,1.0,2.0
64,2025-04-15 04:53:04,1,18,AI,AI,1,0,1.0,2.0
65,2025-04-15 06:35:43,1,18,AI,AI,1,0,1.0,2.0
66,2025-04-17 06:46:39,1,18,AI,AI,1,0,1.0,2.0
68,2025-04-19 19:17:14,1,18,AI,AI,1,0,2.0,2.0
69,2025-04-19 19:19:10,1,18,AI,AI,1,0,1.0,2.0
70,2025-04-19 19:19:29,1,18,AI,AI,1,0,4.0,2.0
71,2025-04-19 19:20:21,1,18,AI,Human,0,1,6.0,2.0
72,2025-04-19 19:22:05,1,18,AI,AI,1,0,3.0,2.0
73,2025-04-19 19:22:22,1,18,AI,AI,1,0,1.0,2.0
74,2025-04-19 19:23:33,1,18,AI,AI,1,0,2.0,2.0
75,2025-04-19 19:29:07,1,18,AI,AI,1,0,1.0,2.0
76,2025-04-19 20:24:57,1,18,AI,AI,1,0,1.0,2.0
77,2025-04-19 22:31:39,1,18,AI,AI,1,0,1.0,2.0
78,2025-04-19 23:16:59,1,18,AI,AI,1,0,1.0,2.0
79,2025-04-19 23:46:10,1,18,AI,AI,1,0,1.0,2.0
80,2025-04-21 01:33:29,1,18,AI,AI,1,0,1.0,2.0
81,2025-04-21 19:37:54,1,18,AI,AI,1,0,1.0,2.0
82,2025-04-21 20:05:25,1,18,AI,AI,1,0,1.0,2.0
83,2025-04-21 20:48:14,1,18,AI,AI,1,0,1.0,2.0
84,2025-04-21 21:25:19,1,18,AI,AI,1,0,1.0,2.0
85,2025-04-21 21:48:18,1,18,AI,AI,1,0,1.0,2.0
87,2025-04-22 00:25:15,1,18,AI,Human,0,1,1.0,2.0
88,2025-04-22 01:54:50,1,18,AI,AI,1,0,1.0,2.0
89,2025-04-22 02:01:51,1,18,AI,AI,1,0,1.0,2.0
90,2025-04-22 02:04:21,1,18,AI,AI,1,0,1.0,2.0
91,2025-04-22 02:06:36,1,18,AI,AI,1,0,1.0,2.0
92,2025-04-22 04:36:10,1,18,AI,AI,1,0,1.0,2.0
93,2025-04-22 08:05:28,1,18,AI,AI,1,0,1.0,2.0
94,2025-04-22 18:31:50,1,18,AI,AI,1,0,1.0,2.0
95,2025-04-22 18:38:56,1,18,AI,AI,1,0,1.0,2.0
96,2025-04-22 18:41:59,1,18,AI,AI,1,0,1.0,2.0
97,2025-04-22 18:48:06,1,18,AI,AI,1,0,1.0,2.0
98,2025-04-22 19:47:13,1,18,AI,AI,1,0,10.0,2.0
99,2025-04-22 20:23:49,1,18,AI,AI,1,0,1.0,2.0
101,2025-04-22 20:48:08,1,18,AI,AI,1,0,1.0,2.0
102,2025-04-23 02:35:11,1,18,AI,Human,0,1,10.0,2.0
103,2025-04-23 03:04:41,1,18,AI,AI,1,0,4.0,2.0
104,2025-04-23 04:00:07,1,18,AI,Human,0,1,10.0,2.0
105,2025-04-23 04:12:23,1,18,AI,AI,1,0,2.0,2.0
106,2025-04-23 04:13:22,1,18,AI,AI,1,0,1.0,2.0
108,2025-04-23 08:37:02,1,18,AI,AI,1,0,4.0,2.0
109,2025-04-23 23:23:28,1,18,AI,AI,1,0,5.0,2.0
110,2025-04-24 03:11:22,1,18,AI,AI,1,0,9.0,2.0
111,2025-04-24 20:35:41,1,18,AI,AI,1,0,1.0,2.0
112,2025-04-24 20:41:21,1,18,AI,AI,1,0,1.0,2.0
113,2025-04-24 21:01:05,1,18,AI,AI,1,0,1.0,2.0
114,2025-04-24 21:18:24,1,18,AI,AI,1,0,1.0,2.0
115,2025-04-24 23:45:21,1,18,AI,AI,1,0,1.0,2.0
116,2025-04-25 00:19:02,1,18,AI,AI,1,0,1.0,2.0
117,2026-08-08 03:26:47,2,18,AI,AI,1,0,1.0,2.0
118,2026-08-08 05:47:37,2,18,AI,AI,1,0,1.0,2.0
119,2026-08-08 14:11:52,2,18,AI,AI,1,0,1.0,2.0
120,2026-08-08 17:49:52,2,18,AI,Human,0,1,1.0,2.0
121,2026-08-08 19:28:53,2,18,AI,AI,1,0,1.0,2.0
122,2026-08-08 22:13:11,2,18,AI,AI,1,0,1.0,2.0
123,2026-08-08 22:41:56,2,18,AI,AI,1,0,1.0,2.0
124,2026-08-08 23:23:12,2,18,AI,Human,0,1,1.0,2.0
125,2026-08-09 01:16:45,2,18,AI,AI,1,0,1.0,2.0
126,2026-08-09 02:07:18,2,18,AI,AI,1,0,1.0,2.0
128,2026-08-10 10:27:53,2,18,AI,AI,1,0,3.0,2.0
129,2026-08-10 13:43:19,2,18,AI,AI,1,0,3.0,2.0
130,2026-08-11 08:36:46,2,18,AI,Human,0,1,2.0,2.0
131,2026-08-11 08:41:45,2,18,AI,AI,1,0,1.0,2.0
132,2026-08-11 08:43:46,2,18,AI,Human,0,1,1.0,2.0
133,2026-08-15 08:06:34,2,18,AI,Human,0,1,1.0,2.0
134,2026-08-15 08:17:20,2,18,AI,Human,0,1,1.0,2.0
135,2026-08-16 20:50:33,2,18,AI,AI,1,0,1.0,2.0
